path,label
Data/rock/MKU8h3j49NjuhQpi.png,rock
Data/scissors/bzQcSRVP3M7abinD.png,scissors
Data/paper/3tNHP8R9YHru011u.png,paper
Data/paper/JUn3VuVCoOKC5Nv2.png,paper
Data/paper/JOsGCJTsKvKGNHN1.png,paper
Data/scissors/mxyADQuZCMwE1Nv5.png,scissors
Data/rock/7wFK6yhjKaNkhwZs.png,rock
Data/scissors/cHA3IuTLuXm10QNQ.png,scissors
Data/paper/54xah1BB0YTQS3Ib.png,paper
Data/paper/50Wjlq1jW7o3wcl8.png,paper
Data/rock/Tp8sMtigMXoyabfq.png,rock
Data/paper/JApmimWQx0vFx1qw.png,paper
Data/paper/7ZGsbIMypDIEZxR0.png,paper
Data/paper/ePEd8TOzTgrGz5M2.png,paper
Data/scissors/qHXkVDE4py7UfvIQ.png,scissors
Data/rock/Gr80cGhz5I8abSjg.png,rock
Data/scissors/nIwv11WKj5Ch85mv.png,scissors
Data/rock/h89sRVkct1nAdPfo.png,rock
Data/paper/ehzdlf5B1HtVgpRs.png,paper
Data/paper/o0CfvFooVIcHCGzO.png,paper
Data/paper/N3RjXoHuCkTs2Prd.png,paper
Data/scissors/nOIg15ZJ3XuUVkT3.png,scissors
Data/scissors/mAjn51U2iJwlh99P.png,scissors
Data/paper/QZtii0ogsjl6hxun.png,paper
Data/scissors/1WX9KKoq0nkWiTxI.png,scissors
Data/paper/73UfZ8Dwj0OB66IV.png,paper
Data/paper/ueuECCtQxOjHF1ij.png,paper
Data/rock/9ElQEC0AP2RtKdOo.png,rock
Data/scissors/TJUiCdN9LUl2xPSE.png,scissors
Data/rock/wcL0C9QgqDYxaj3W.png,rock
Data/scissors/PKilVWkKw9dYVTMx.png,scissors
Data/rock/EvCwicQf5dVFto6x.png,rock
Data/paper/ul2wGK0NgJXs8mHv.png,paper
Data/rock/rrf0pB5CgUgAmucg.png,rock
Data/paper/eW9ezZkV7Jxu1BEk.png,paper
Data/paper/av2NxK494nd72Q13.png,paper
Data/rock/Q7dUVly6sK3jyeMM.png,rock
Data/rock/xBWG6t5EvReNN7mW.png,rock
Data/rock/5G0hCO6RJXNyxcgV.png,rock
Data/scissors/3dI7E5pwR07mvKvF.png,scissors
Data/scissors/jX4XP2bjq762S0Wj.png,scissors
Data/paper/JRZTPL2YQ6cfIMh9.png,paper
Data/scissors/dLkgXxZJ7KFoD4Ky.png,scissors
Data/rock/CpWDLKaUbf6poyIj.png,rock
Data/paper/HQSUE6P23pvLctuy.png,paper
Data/rock/DxBmPozYTIgMWX7j.png,rock
Data/rock/ReFXAsLF8NkgNAL4.png,rock
Data/scissors/GGQjHIWNHMjBHBsr.png,scissors
Data/paper/0t08v9bAaA0mXGCQ.png,paper
Data/paper/ldG6HLXeY0KilKyr.png,paper
Data/rock/SE5eUJl8euX8gTJ3.png,rock
Data/scissors/sNnaELZrclDFKtoL.png,scissors
Data/rock/fl3m2aXD9qq7un0x.png,rock
Data/scissors/HYMbsGR9sq7jfwQp.png,scissors
Data/rock/cfFHU3Y39yeofrTg.png,rock
Data/paper/RmTijOM3U31zKnrY.png,paper
Data/scissors/Q2F8cfDaghfz8PyX.png,scissors
Data/paper/NnWvTxntBJ5mFY73.png,paper
Data/scissors/e7wuzMq70FDcvaFr.png,scissors
Data/rock/YmNXS0VhjQjldK3P.png,rock
Data/scissors/5mipmm4t8RM5o0tW.png,scissors
Data/scissors/AgfZ2awwDPr3d50b.png,scissors
Data/rock/clIAiFiURAZ36c8y.png,rock
Data/scissors/Mwmjta6k9iqQKKd7.png,scissors
Data/paper/PZrfX01MvfB3oeyB.png,paper
Data/rock/qMWVb6BibNukvVrj.png,rock
Data/paper/ojF0xyUvkvV3iujz.png,paper
Data/paper/5U8st2LCr9zLl5og.png,paper
Data/rock/H97IYAhAPk2kHnsI.png,rock
Data/paper/0cb6cVL8pkfi4wF6.png,paper
Data/rock/mdHOkH88KHqpjkEM.png,rock
Data/paper/zz1yffW197uYO6DI.png,paper
Data/scissors/XN42vZFFWvOwwrEb.png,scissors
Data/paper/1fKclJk4eBWOQSR1.png,paper
Data/rock/E5mlbTDFPHA7QX9U.png,rock
Data/scissors/mdSPppG9v9OmnIyY.png,scissors
Data/paper/B6dJfDThlXx80Uk6.png,paper
Data/scissors/wNuL3RC8AtAW70Bx.png,scissors
Data/scissors/kUUKyIbaWlM3GgEs.png,scissors
Data/scissors/KP9dgcRNzQE9tV0Z.png,scissors
Data/scissors/qpw9fZk3IDIXXJEr.png,scissors
Data/paper/Q8idpb4gCSAWs9YH.png,paper
Data/paper/aeVtGl2LQBr831P5.png,paper
Data/scissors/HqB3HFyK3VvZha0Y.png,scissors
Data/scissors/GVxDgpt5p4FA2e6n.png,scissors
Data/scissors/tVigGbWgM7Rp9ic4.png,scissors
Data/rock/zihL322yBqQvYvhE.png,rock
Data/rock/Jgjf4Q4LunuuLJKq.png,rock
Data/paper/sak9CBkECbg1PSLz.png,paper
Data/rock/eb93o1ZDeBlrdfyc.png,rock
Data/rock/UElo8u1bUerF3JNe.png,rock
Data/paper/oLcpS2BYyqZLBj9P.png,paper
Data/scissors/7dBQ0fOpCs03OmnR.png,scissors
Data/scissors/EBh8bZgOANio5kQw.png,scissors
Data/paper/mK7Kqflg12vHFBEK.png,paper
Data/rock/jJVH6kP3VRPHbWvs.png,rock
Data/scissors/mtLouezQUnTbfEgj.png,scissors
Data/scissors/sJtSZbQH0MF9U4oa.png,scissors
Data/scissors/mfrG6yVMg6CEzoCN.png,scissors
Data/paper/lqo55attrFxuKqlu.png,paper
Data/scissors/HAjiwatcnWjWeEeT.png,scissors
Data/scissors/WUEe440w137BuSEE.png,scissors
Data/rock/JspEtoXj1u5CjLmG.png,rock
Data/paper/3tyVmhojjwETaf1u.png,paper
Data/paper/j8dvLhkeL92SpOGj.png,paper
Data/scissors/ngrJl9cJoUVFdYwO.png,scissors
Data/scissors/qHNvtsWSBDT0FnMt.png,scissors
Data/scissors/9YPMzKwEOWcIx1oN.png,scissors
Data/scissors/SiIASaSafeaodwOd.png,scissors
Data/rock/RpCSMPJ0LhFPYksZ.png,rock
Data/rock/CEyvCbffQZzgGEL4.png,rock
Data/rock/dLacOlQK2ZsURwOa.png,rock
Data/paper/MJAUydLSEPqZHwPz.png,paper
Data/paper/RmJmYq6VCNrrvi2l.png,paper
Data/scissors/ntwoVP9pgUbs3LGq.png,scissors
Data/paper/FltCm1ep2lcnsOYz.png,paper
Data/rock/VkRNUIG8Q54sx8r4.png,rock
Data/scissors/64ktckSF0c26K6AY.png,scissors
Data/rock/Xt7qc6XbbZ4OcpW6.png,rock
Data/paper/ZveWRNmdKejc1c4w.png,paper
Data/rock/OYgsl2meK8nj0c8l.png,rock
Data/paper/zrZmvRbPtB57a4Vr.png,paper
Data/paper/1Tt9U9SzrOm98Xtw.png,paper
Data/rock/udR0gHeGBkkQVGlr.png,rock
Data/paper/4fCqIVTEuFLsQMaZ.png,paper
Data/scissors/LiCKhA8ipxSqU9Fo.png,scissors
Data/paper/Qxx5l8WCNBjMb5xI.png,paper
Data/paper/H8cGdqeAOdIyIMO5.png,paper
Data/rock/bn4i63wrObqbJECw.png,rock
Data/rock/i85n2S7UREOq5svM.png,rock
Data/paper/9yGlnLxGtzq1gJti.png,paper
Data/rock/3wrX8EawcOolzrAY.png,rock
Data/scissors/tPxruYoQszERdzTA.png,scissors
Data/rock/NQxWkhRHMkt2GrpB.png,rock
Data/rock/os5rNj49BIDCwHLD.png,rock
Data/scissors/z6HDaayUjgx6LnhS.png,scissors
Data/scissors/Xu49k2rxvWRflm2W.png,scissors
Data/scissors/KM8TqJbWqew79vPt.png,scissors
Data/paper/RtFKKjIDZ0zA0khp.png,paper
Data/scissors/95NcnE0omOzXLqs3.png,scissors
Data/rock/XRnYppsMGdfUa5mZ.png,rock
Data/paper/LAhqdrhPNg3ZLxpr.png,paper
Data/rock/86KzO2PHymh6qYQ4.png,rock
Data/scissors/TUB0nmtfE8SZjEzL.png,scissors
Data/rock/fMQzh7RRM5fbtBiC.png,rock
Data/paper/BTG0fjXM09DyD4sh.png,paper
Data/rock/BsWasfK2PdoRNEDw.png,rock
Data/scissors/h5MbTDhsN1x308Je.png,scissors
Data/rock/kcZfTQqKr8VaSjhk.png,rock
Data/scissors/8Gew5erdZ7A4K3gI.png,scissors
Data/scissors/H9H5HhYMY6vhEUJ4.png,scissors
Data/paper/e50cckZL8BKmqzjd.png,paper
Data/scissors/FfCLY0qhfyOoyam8.png,scissors
Data/paper/jYSFgcG68qqavVn6.png,paper
Data/paper/mUqkjFi6NBsHR7tf.png,paper
Data/paper/oi2e7ny5y00NBLOx.png,paper
Data/scissors/RtsIA3p963IFGi8t.png,scissors
Data/rock/9Ke26ZpKvhVSXl4V.png,rock
Data/rock/4RyeZiScDO5Z45oG.png,rock
Data/rock/wI8gSJIe2tzwPSub.png,rock
Data/rock/mN2Tm82UB8XH1eNs.png,rock
Data/scissors/tLHK08LTpqrSPnkX.png,scissors
Data/rock/aFWGfqQgf0jt1h7g.png,rock
Data/scissors/PJxEXjRb0K0Mpgsz.png,scissors
Data/paper/45OQyZuXtfNCc8Rk.png,paper
Data/rock/PZqNg7IprOGg561e.png,rock
Data/paper/hWVwQVI74lc5zgyK.png,paper
Data/paper/HTSIUeIA1IQrHtHu.png,paper
Data/paper/TcybcTuKdMPA4xpT.png,paper
Data/scissors/Qonst5LFs961D77L.png,scissors
Data/rock/IY007WkIgMgYMJRj.png,rock
Data/scissors/UDihI8vQDjvGJRjO.png,scissors
Data/rock/5cJA6BncdVbygRNL.png,rock
Data/rock/TIm7htC6BXzkOitR.png,rock
Data/paper/G4QepYlFnpE8Zse4.png,paper
Data/rock/6ZWuYAkiYnDTDa2N.png,rock
Data/paper/5FVy5hSvZ9c0M2Y5.png,paper
Data/scissors/Em50Yggfyz815VUH.png,scissors
Data/scissors/AqQ5Xll9nVqJODji.png,scissors
Data/paper/xJNBzdx479xjphEV.png,paper
Data/rock/JqR15GsfOszxXGP2.png,rock
Data/scissors/wMLAOfEG0tDVHVX0.png,scissors
Data/scissors/ksWe2SZsjOoLAzf5.png,scissors
Data/paper/ukOGooYiFOfJHNrx.png,paper
Data/paper/knWd03lNhoAUPdKX.png,paper
Data/paper/oAvUHooYsSpFid0p.png,paper
Data/paper/mZW0RUegJl9SM8ck.png,paper
Data/rock/DHqDt7x3dw4jZmp9.png,rock
Data/scissors/9A40U8awLxJ2lf1E.png,scissors
Data/rock/Bm9hYmhGUGmKxDwK.png,rock
Data/rock/lcZcrpCoDl7Y1AUF.png,rock
Data/rock/nx0qhNSB7YMLfe2E.png,rock
Data/rock/nQ7DM3VMBj0NdM0u.png,rock
Data/scissors/vk4PY18fJkMJvtbm.png,scissors
Data/scissors/HLeuB19sXYxS84Gt.png,scissors
Data/paper/2IOsxsG8AaxntdJM.png,paper
Data/paper/CnRjJejRPD3QmYTl.png,paper
Data/paper/HvQdmFU7Qzd4SSQ4.png,paper
Data/scissors/7Y69sHtbGL2KHj8O.png,scissors
Data/paper/ywXiLajxMzhy7BST.png,paper
Data/rock/MMeqszriRcb0Ljc6.png,rock
Data/paper/ocaU2HmemX7rmjm0.png,paper
Data/rock/7NqXwATGidLt6kZY.png,rock
Data/paper/9zfyVkUcku0qc4Gu.png,paper
Data/paper/77rce5yVvVPIPmp8.png,paper
Data/scissors/yUG4uvp1tvCVbLlk.png,scissors
Data/paper/5RvFm2PYoG18yIZO.png,paper
Data/scissors/q0tN60NS2kZFBzts.png,scissors
Data/paper/QKFJL22hutlivVGa.png,paper
Data/rock/QSa6ILjZeRdKM5Fz.png,rock
Data/scissors/rOigyekSUNnTrmz6.png,scissors
Data/rock/N3pHY9fO1y0jdeVu.png,rock
Data/scissors/dxFGJyDhnNu3iOmm.png,scissors
Data/scissors/Z6CURxA1iRNhTzO9.png,scissors
Data/scissors/TfQG2fJYyDv8Ic8P.png,scissors
Data/scissors/67sMDIYRNxuVsQQ8.png,scissors
Data/scissors/5inLBb6qZY0gpX3b.png,scissors
Data/paper/IQsx834hZ2POqopO.png,paper
Data/rock/T6biQxOCDlM5ad7k.png,rock
Data/scissors/dWIQvO3tVSLw4etp.png,scissors
Data/paper/oiJhtTsTDkiAcHeR.png,paper
Data/scissors/65PVbRzrpzfdu8nJ.png,scissors
Data/paper/RqdXcCyqmXMxSDxn.png,paper
Data/scissors/xOdLJOH2sxWkgRTS.png,scissors
Data/scissors/UW6gS11P3sXF3SBU.png,scissors
Data/rock/2nSUlcvPf1DOCo1j.png,rock
Data/paper/PDV8vSlSFdej3jNx.png,paper
Data/scissors/2DEYFsJ27UgVqv3W.png,scissors
Data/rock/GgPhnXFElpasCa0C.png,rock
Data/rock/FVTXzNJQnU231QXO.png,rock
Data/rock/gN9QXTe8BSMMHyAn.png,rock
Data/rock/1WuMUpzupKs67q29.png,rock
Data/rock/ODhkT6k9Xdoj9xG7.png,rock
Data/paper/V9v5VHsYgQOVnzo2.png,paper
Data/scissors/XrNTSnUh9OxytAYI.png,scissors
Data/paper/AYfr1pZxmZyZaXWu.png,paper
Data/paper/p2UN3r1vWk57uVqX.png,paper
Data/scissors/vMAludIRGF14FuGn.png,scissors
Data/rock/2DdERUV7Te8ivywq.png,rock
Data/scissors/vTLtWUiqxDhncYin.png,scissors
Data/scissors/nfqbRmCrRbEXjgfb.png,scissors
Data/rock/zkNTynOVx99Kr46m.png,rock
Data/scissors/eU4VT33MEquo64QQ.png,scissors
Data/paper/DGR6Jkl5GJY9Sez0.png,paper
Data/scissors/TYXCfgUSBF8L7HZK.png,scissors
Data/scissors/gWsh2wyYZXw7an5G.png,scissors
Data/rock/Zz52yCODsLplv7rK.png,rock
Data/paper/CHf3O6SDtuPbbD0s.png,paper
Data/rock/tgpoZwVYq6VIfho8.png,rock
Data/paper/SPx9aUguwNqxqPVS.png,paper
Data/paper/et9oIiGQmAgwy7GK.png,paper
Data/scissors/G3WzvjZXkizn9iK9.png,scissors
Data/paper/7YbjJFHGHPhJQFvE.png,paper
Data/rock/Mi2FjtLVdVgcJHxP.png,rock
Data/paper/Y8kfG3f6KJa1YJPA.png,paper
Data/paper/7Px9USAD7J56woB0.png,paper
Data/scissors/fXrAew7llUJLK8CU.png,scissors
Data/scissors/XEmNGqnMFMoeRQRi.png,scissors
Data/rock/qYTvWILCYIauIMkW.png,rock
Data/rock/M5FhZFlXsmRMTHkc.png,rock
Data/scissors/Egi7OpuV8V24C2LP.png,scissors
Data/paper/Om6b4BvZS49QNNFV.png,paper
Data/paper/KHfp6LJDEhqbcomR.png,paper
Data/scissors/xPDNBvgWZrdijzTm.png,scissors
Data/scissors/sem0kkR24VbSRmAc.png,scissors
Data/scissors/HGhHQ3uNh7XFl2ar.png,scissors
Data/scissors/5CzwWCDnxKOJz5T0.png,scissors
Data/rock/94oKRQFyit6SANlq.png,rock
Data/scissors/dFrcUPZxOwwT04y9.png,scissors
Data/paper/9qKKOliWXD7oDZOd.png,paper
Data/rock/hNKauGm372Z48JWy.png,rock
Data/scissors/2ufDQYIqKG1xRG7y.png,scissors
Data/scissors/e1qGNUkh9ecj7QG3.png,scissors
Data/paper/7L3Xke8iQBzywEPH.png,paper
Data/scissors/YTAomJ0XCIRzqKKX.png,scissors
Data/rock/oky5NsS9ymRXKVf8.png,rock
Data/paper/HuunhhoTMXTrST2Z.png,paper
Data/rock/k24NaH1jhXog9y7y.png,rock
Data/paper/BqGdYFfhQ4sOU5Xl.png,paper
Data/paper/keyl4nDZLxLORnr3.png,paper
Data/rock/JxhewAxaOg3wB1gA.png,rock
Data/rock/iaEybTdfnL0RoU9I.png,rock
Data/rock/3MSy75FXVzhhLg77.png,rock
Data/scissors/Eodp43S6sgfxeCST.png,scissors
Data/rock/DqakRofDCq0ryI49.png,rock
Data/paper/2PiUTczN5Ez4VreF.png,paper
Data/scissors/qoU2kq8bmOjMY5e0.png,scissors
Data/scissors/FmGfsSfUAyHzsiAO.png,scissors
Data/scissors/nPGqkGXIocWAZgzO.png,scissors
Data/rock/01dM3ewPIsnBICu1.png,rock
Data/scissors/Rc1pRmm4p20kAl7A.png,scissors
Data/scissors/0zoQAmDFXehOZsAp.png,scissors
Data/paper/fjITlTb11LELvo3e.png,paper
Data/paper/2UKnsncgPodQLOFR.png,paper
Data/paper/yM5JZ5J4uLeYIGOO.png,paper
Data/rock/I8DyB4yRN0Q8voWp.png,rock
Data/scissors/mBHQsHWDcRvtLIKC.png,scissors
Data/scissors/VaVPcDb7mPMQ1gHk.png,scissors
Data/scissors/2tRxoWcFfrvjsHTZ.png,scissors
Data/paper/y9DoLrI4Hlh2EUts.png,paper
Data/paper/7v943QrV87m1Fx5U.png,paper
Data/scissors/2EeIeEe1P0a0Fi9v.png,scissors
Data/paper/fMkDqtJgZAKa7dl5.png,paper
Data/rock/vL6UMd1OOIGuEdFu.png,rock
Data/paper/cfCjmEcXysh0H52D.png,paper
Data/scissors/7LFhnAZBWmtcMqDM.png,scissors
Data/scissors/8VaAxK3h5GeQAqRn.png,scissors
Data/scissors/asi6ZQCskd51eHm1.png,scissors
Data/rock/PDgemOaqWAiKPIcw.png,rock
Data/paper/pUCjvjdpH5HSaWxl.png,paper
Data/paper/pwM1GeKjG7KE4i75.png,paper
Data/rock/LHgGYA3vlHkUXzID.png,rock
Data/rock/qGG51BxEClmts5xA.png,rock
Data/rock/d5fTHW3xnYsDhax5.png,rock
Data/scissors/RZpLPA2iKiZ2GXR9.png,scissors
Data/scissors/Eolm0Lo5dzVwDYqB.png,scissors
Data/rock/nW7S3LYj4C49mX06.png,rock
Data/scissors/Jqu0bjUyPoEcMNhN.png,scissors
Data/rock/N5RzLbTF6dlVDkbx.png,rock
Data/paper/45ho1tx7W1LZB0DU.png,paper
Data/scissors/cPuxKnJCdcTotM5k.png,scissors
Data/rock/IQNb5XBjdbYa7A2W.png,rock
Data/scissors/8aOKoHx8aFjtDkxJ.png,scissors
Data/scissors/5QHP8zydBsbWyt4T.png,scissors
Data/rock/QSPgUc6QCA1kNLin.png,rock
Data/scissors/FSQhfK1gcYqm4O4W.png,scissors
Data/scissors/x0d1n2y61LHxML3g.png,scissors
Data/scissors/BdMHRwUTJ4FI4uPr.png,scissors
Data/scissors/FHS2JqvlXGibavFw.png,scissors
Data/scissors/Vn28McGu6NtjoMsb.png,scissors
Data/scissors/1CXgK9fgGdSRggD9.png,scissors
Data/scissors/qhd04h0tECbOylIV.png,scissors
Data/scissors/SsNjRQhLfqyGZtkG.png,scissors
Data/rock/smfqjL7LuLnrPqo1.png,rock
Data/scissors/TqrIZuWA1XJR0MEK.png,scissors
Data/paper/JlMP0YH6vhxWRMZz.png,paper
Data/paper/JQaNQ7LsPy3cY23Q.png,paper
Data/paper/CbiqUiChqkXHb8jk.png,paper
Data/paper/YrEfjld9tYk0b9m9.png,paper
Data/scissors/T6IiF7nWO9Tf0adD.png,scissors
Data/scissors/8isFA2VQqLOxzuvC.png,scissors
Data/scissors/mrWRR4bVPDvIIg7D.png,scissors
Data/paper/4484TuJc6AH7pDOG.png,paper
Data/paper/B9PzXQbhzehhxFRN.png,paper
Data/rock/RJSM8dpspJB6ckmX.png,rock
Data/paper/FmDdvclwy9Wc1zfc.png,paper
Data/paper/nb6CUTNhXBAmjFp9.png,paper
Data/paper/tsfjaR5pzLN4vfRW.png,paper
Data/paper/fiX6rjBt5qHGMsjc.png,paper
Data/rock/GwUjjywvFAhLUYYm.png,rock
Data/paper/2OCAZGNv2OEzgAwU.png,paper
Data/scissors/aMTILDN4K2ZEjYAx.png,scissors
Data/scissors/hJuytZrZ7fR1CWyi.png,scissors
Data/paper/K6IACWoiTOnGR9Np.png,paper
Data/paper/O0fq1v7s6qxN8o9L.png,paper
Data/rock/so3Om75mBnUfBdTe.png,rock
Data/rock/gaZKijiVXyjhSLYp.png,rock
Data/rock/kfz2fRvWcTqPzQxn.png,rock
Data/paper/rX4dcSySbz56p4dk.png,paper
Data/paper/A0Dgq561RAiluT9p.png,paper
Data/scissors/yPDwuZYpXF1iWDVh.png,scissors
Data/paper/Y7DDimLAYeU323au.png,paper
Data/paper/LqxEdPczGbYd9Zlu.png,paper
Data/scissors/6ZoT4ZO8D4G74afj.png,scissors
Data/rock/r87DASz5okmR0fnI.png,rock
Data/rock/uCt8rigwmrP07ZVr.png,rock
Data/paper/pVCqrp8S6Ze3DAI8.png,paper
Data/rock/IFr9SXl5OScOlvuk.png,rock
Data/rock/vxMVVVspXFiLAJc4.png,rock
Data/scissors/nf8YKjeoUMPtr65m.png,scissors
Data/paper/raSxG3GjqMrYHvgW.png,paper
Data/paper/qbWKhamyFLSmXCgZ.png,paper
Data/paper/eaOtD5yLQHTuFTz3.png,paper
Data/paper/COmibsBioPBur0V9.png,paper
Data/scissors/17HZDUFSVPxcar99.png,scissors
Data/scissors/T8GWcDJlUuzt12VL.png,scissors
Data/paper/zb6wXq49QppiS9sf.png,paper
Data/paper/hfYfNNtqkFzF9BE4.png,paper
Data/paper/uoYuyEHvVLrOOmqW.png,paper
Data/rock/2uxDLQKemRqulhIx.png,rock
Data/rock/FFAcRoW2ejkNNheZ.png,rock
Data/scissors/z5l2JCxLM7igVya5.png,scissors
Data/rock/fGaDsQT8mUTaytaT.png,rock
Data/scissors/LFzPbXpksRrG9jpF.png,scissors
Data/paper/oBKuveyTYAhqtKSw.png,paper
Data/scissors/KNNsNhduqSfuqEK5.png,scissors
Data/rock/nxmKEzuM4rL8EcIe.png,rock
Data/rock/vXU1VEpTIJDKa6kg.png,rock
Data/paper/4Bimc2E5E9jTh1Fh.png,paper
Data/scissors/LNyVq7Qg9M0S6RMZ.png,scissors
Data/scissors/a8DBHodNOhJCxQrN.png,scissors
Data/scissors/dkrdiLQ61q78gidZ.png,scissors
Data/rock/XFCJ1H5zoEXgE5CX.png,rock
Data/rock/MgF3uIzpCPWudb3N.png,rock
Data/paper/nGxiCAryWhadfu7W.png,paper
Data/rock/XdWXMPZZwwXhwYGI.png,rock
Data/scissors/46fOqpoVsNjc9m9m.png,scissors
Data/paper/u5672IrPHHkppdEK.png,paper
Data/scissors/N6hnu1jJLEfigfYH.png,scissors
Data/rock/BMet9oI6hmx1zdc9.png,rock
Data/paper/KJ77yLPN943SrPZW.png,paper
Data/paper/7fRLxoheLluOwCkp.png,paper
Data/paper/9zuFLFklb0ibEelE.png,paper
Data/paper/to1CYeerlgzyJIeO.png,paper
Data/rock/2vwLOZSd8FCXbuck.png,rock
Data/paper/HXxUlm3O2djcDgUR.png,paper
Data/rock/p68vc2nK8JZRDmBx.png,rock
Data/scissors/jwdItCvoNRkssn6D.png,scissors
Data/rock/HxzCqTAGvmLYaHjA.png,rock
Data/rock/UJ1D4UeUI0pnDG5h.png,rock
Data/scissors/LErff4WDwhjsYG8Z.png,scissors
Data/scissors/WoS4fluqoRRsfjle.png,scissors
Data/paper/MKe2ciaSOmdDH1JK.png,paper
Data/paper/aINwMVFw8UopgTOm.png,paper
Data/scissors/RydyYWgvhLQPwEaw.png,scissors
Data/scissors/VrHis8ru9xXA5Lqh.png,scissors
Data/paper/vPvoQzBR7Paf5Jml.png,paper
Data/paper/SrSUeH255dybz2zi.png,paper
Data/scissors/HEvNErOwJyFQMMIB.png,scissors
Data/paper/DBriMZZSZtYea72l.png,paper
Data/paper/pW8TQWh9SoWh0HLE.png,paper
Data/scissors/KMUCDyhYewIdDnvu.png,scissors
Data/paper/FVEAFUE9uhfJPi2f.png,paper
Data/paper/JDZ86cNk15r0NTi6.png,paper
Data/scissors/lGC1Z9CaHybrKaoK.png,scissors
Data/scissors/eTkUxksFCvfsbVLs.png,scissors
Data/scissors/h8GCEjkSpQjdUuZH.png,scissors
Data/rock/ZWKMxS1Yoa5ZvkOz.png,rock
Data/rock/MJkLyjWTzbjL8qyk.png,rock
Data/paper/NwbFl4nQqE5pm5PZ.png,paper
Data/paper/qVqPFRhMJXPFh8Yb.png,paper
Data/scissors/Ep0yJCcioRpgZquy.png,scissors
Data/rock/6TEsyzE1MEK6Xg31.png,rock
Data/rock/rZ3CYuMZgTELnLxc.png,rock
Data/scissors/uM6obPsz0ALWxBjQ.png,scissors
Data/scissors/w58UIOAxkjM2L3AO.png,scissors
Data/rock/NzQfD5IzPphBZNKi.png,rock
Data/paper/vfKiFjWIK9JKHxLn.png,paper
Data/scissors/hzvSpM4olIqXfeVt.png,scissors
Data/paper/W79peyAyfQqNP1vF.png,paper
Data/paper/3YvRoN0ZGuXVWEbh.png,paper
Data/paper/yB11HwUEuYHhVlKo.png,paper
Data/paper/84JL84r6Jcpp5Udi.png,paper
Data/scissors/1MMkSW3f1CAsw03q.png,scissors
Data/scissors/IZYmxHXE1DVHJfYm.png,scissors
Data/rock/xhK87JYV3RYJYhA2.png,rock
Data/paper/eiiwN1DsKoIheMgz.png,paper
Data/paper/4aWP3XumkgwZtqZ7.png,paper
Data/scissors/QjvKDUTFuGf7gAm4.png,scissors
Data/paper/WejRez1oUWm5lhuw.png,paper
Data/rock/g04l14MAwqQthuWW.png,rock
Data/paper/dZxpgHYRuQNv7T7A.png,paper
Data/rock/j31qLVBZfstRnWsA.png,rock
Data/scissors/YaAtOlkyK9hnzZ11.png,scissors
Data/paper/RlpqfQnTgM6AxUNs.png,paper
Data/rock/m7OF0PiEJCUJyf6K.png,rock
Data/scissors/uI2O1DwI1nIIx9Qu.png,scissors
Data/paper/nsbCG572TtIVkjKn.png,paper
Data/paper/LrVULgPLsLsfdZ2z.png,paper
Data/rock/O5iExVmt45IRGquU.png,rock
Data/paper/TstngIvuLJt0GIze.png,paper
Data/rock/fK7m8vZQS1RUHcMr.png,rock
Data/rock/82wZr9Bpl9vfsoG1.png,rock
Data/rock/7O4sybfz26sg4yrF.png,rock
Data/paper/OSEIPDjPzHw3gKjc.png,paper
Data/scissors/Ckqc5ia9xteRont9.png,scissors
Data/paper/14K62H4KG1hg5qiJ.png,paper
Data/paper/SoqluLecSTBcuyoS.png,paper
Data/scissors/F4iIoT06hTWSuSs2.png,scissors
Data/paper/E10FR2TKbBsv9Hgm.png,paper
Data/scissors/RbjC5b9sd5JtTlOf.png,scissors
Data/paper/n5NXfZTRonR4iOr0.png,paper
Data/paper/i47BmmqwUa4y0jIP.png,paper
Data/paper/zru6yFR3dqc3SymW.png,paper
Data/paper/SsvKZDW23vRQMUtA.png,paper
Data/rock/Bv1IS98JTiuZC7Bs.png,rock
Data/scissors/vcEwRcuUMQ89i8on.png,scissors
Data/rock/CZMVXF6ReNFTmQu3.png,rock
Data/paper/ySmdq2LJmCBQatvr.png,paper
Data/scissors/OWzxS6m9SGpk1bnY.png,scissors
Data/rock/i5FY2iOcMjYyop5u.png,rock
Data/scissors/sC3hanWBPaeGV4xg.png,scissors
Data/paper/UGHu0zv6pWOmgBWn.png,paper
Data/rock/NpJEIrbBZBhud8tg.png,rock
Data/scissors/2TAGoXw7yaK0bXBu.png,scissors
Data/scissors/6gt1kvpjTKJIA7S0.png,scissors
Data/rock/ktot0Gt2YvkPXl1X.png,rock
Data/rock/m0xWKKlJMcCcQagG.png,rock
Data/paper/jAh36hlZLpECSBHp.png,paper
Data/paper/r9sXHEyVJVCtshSA.png,paper
Data/rock/85dWwzSo83sQnsoh.png,rock
Data/paper/hH7jcOkAiHqNDWcy.png,paper
Data/paper/x3z3E6Z2qsmW8TaH.png,paper
Data/scissors/ejWJ6Ber6qqXnuag.png,scissors
Data/rock/l0XeoPGwezMDYujz.png,rock
Data/scissors/wvySukQJa9DYOX8v.png,scissors
Data/scissors/KSNET1XTWbrg5Rcz.png,scissors
Data/paper/kmBByXdkwf5Vro8P.png,paper
Data/scissors/1L1n6plr7jlZGirw.png,scissors
Data/scissors/ZyZeKfG5s1J9Qn64.png,scissors
Data/scissors/63khvkT3L0GCdMHh.png,scissors
Data/rock/4VYEe9NSyMlJmXUx.png,rock
Data/scissors/QGySPOxev60wlq1M.png,scissors
Data/paper/OdfDTwgPVdW9XbE7.png,paper
Data/paper/C7zCG474LseZgn8o.png,paper
Data/rock/Wn0jBu6LOl5Ei5GN.png,rock
Data/paper/RFXW2X1DlH7xboth.png,paper
Data/paper/UQIJiOYi6zCaIeue.png,paper
Data/rock/HWvrWXLQywNe1aCF.png,rock
Data/scissors/RQgc9a0ml3hXrJXq.png,scissors
Data/scissors/KcCGOFZoEMOitVPh.png,scissors
Data/rock/iIaYawwgu5W18LS9.png,rock
Data/rock/fa3PZHjdAUZAob3q.png,rock
Data/scissors/UO03gubyPNMaJ8pj.png,scissors
Data/scissors/ro7qIekrW8rAUNH1.png,scissors
Data/paper/Su03KsBNHrCVUXli.png,paper
Data/rock/C82Z7IFPlfaDFF71.png,rock
Data/rock/NND8kMRxPKa3HfWX.png,rock
Data/rock/rYuqHIlnoFtZQJGg.png,rock
Data/paper/bddldJIGmQP5CSLD.png,paper
Data/scissors/IdrewaHdlHRrNHbJ.png,scissors
Data/scissors/FZTB5QPwvq7b9xok.png,scissors
Data/paper/yUhvKMWrPQ9sJ78m.png,paper
Data/rock/51TTZXCnAuk3Ck6s.png,rock
Data/paper/Mv6oOH192gse3oZA.png,paper
Data/paper/0zKU6wEhT2cDe9j0.png,paper
Data/paper/Ea6A81oe4Ria2MW3.png,paper
Data/scissors/JTbM7M5ZIxA7oFEX.png,scissors
Data/rock/UMhiPBxOmfSpItMU.png,rock
Data/rock/45lUkDFTSG9E7qOr.png,rock
Data/rock/GRUlZRON6TdcmAOe.png,rock
Data/rock/yJeAgusgncrC0SBZ.png,rock
Data/scissors/TklTtKIVRWh2HA94.png,scissors
Data/paper/6OhEpnz0QxBCfbXE.png,paper
Data/rock/n61z73RnZB19Bpq8.png,rock
Data/scissors/Nbdg8g0X7rioOzQT.png,scissors
Data/rock/Mc1ESNeg86L6CLRe.png,rock
Data/scissors/YLqWJoGJOcnoAZim.png,scissors
Data/scissors/xCagFKogHbiqcrmG.png,scissors
Data/rock/RsBNa42PCliwNPQS.png,rock
Data/scissors/OLBaBUjL8DE58OvS.png,scissors
Data/scissors/m7ELYBy0O4wx0YqJ.png,scissors
Data/scissors/8AR7dUmrz9jcFrHu.png,scissors
Data/paper/e96cq72UJTICTkE0.png,paper
Data/paper/fnbn7osMCGWmqHKZ.png,paper
Data/rock/KC8RPAtZSyUL0vaR.png,rock
Data/scissors/AMl8nHQ9Ys6Tpvl3.png,scissors
Data/rock/y7JyZqsFZUwdvkY2.png,rock
Data/rock/1BqjHe5igJAgUjiN.png,rock
Data/rock/FF2mNwRujDxzozUQ.png,rock
Data/rock/BRCnAE1A7rvm7o8V.png,rock
Data/paper/9rwmakEj6Wg1YQWW.png,paper
Data/rock/zp7Okc8j1CJgB8ji.png,rock
Data/scissors/XpFaeZAqFUqqJ85b.png,scissors
Data/scissors/iM1hcJsC387vy9YA.png,scissors
Data/paper/TnoLyTMw8xPdz0ck.png,paper
Data/scissors/JjS0KakWxwXmg5Wi.png,scissors
Data/paper/7I1fABs6SL1T4MNb.png,paper
Data/rock/UPZ5MJAl3AqoLrZV.png,rock
Data/rock/lh18XOTNn8Tr3ijU.png,rock
Data/rock/LlDkBm3uklZkHrB0.png,rock
Data/scissors/0CSaM2vL2cWX6Cay.png,scissors
Data/rock/yLeWjzIsAgQO8rT2.png,rock
Data/scissors/utufwM3u0nx14c52.png,scissors
Data/paper/5Iz9WPYz1C3PKWxj.png,paper
Data/rock/F9aco7lZecystG3Z.png,rock
Data/rock/PgQOJNqwh3jq6vCr.png,rock
Data/rock/DJUhF4lvtGZoaatl.png,rock
Data/scissors/FeKk3jfdVyzHV7l5.png,scissors
Data/paper/Zo0eTAGaUb4ewSkf.png,paper
Data/scissors/r2sdyTijtdmySs6h.png,scissors
Data/scissors/xQL4A9bjTuJuFj5K.png,scissors
Data/rock/rgLz5OE0s6JRcfiu.png,rock
Data/rock/wweMJiVO1CgNIGHW.png,rock
Data/scissors/CiZDoU3BINzzruL8.png,scissors
Data/rock/CKLOvn69epi2Qcxg.png,rock
Data/rock/CkjdMgxvvA6Ll8Ca.png,rock
Data/rock/g9lqYZfHWUb3cm08.png,rock
Data/rock/mwbC6miMP5CXTp3a.png,rock
Data/rock/rHHsm5b1CvmcWT57.png,rock
Data/paper/Qx31hf6YWyFs6Mu7.png,paper
Data/rock/Qs7kzLICH4ZpdyPo.png,rock
Data/paper/PTjpGk2rKf6mhx9z.png,paper
Data/paper/8X1BUL9w2OMExPy5.png,paper
Data/scissors/sYwtAuLI5zLIEfJI.png,scissors
Data/paper/XnvU9UjrhVwfnSgj.png,paper
Data/rock/O3ko4JxjCkdULELr.png,rock
Data/scissors/MfDDFjVkEdWKPi2X.png,scissors
Data/rock/ZUROGMkonFX6dWC9.png,rock
Data/scissors/VOgDVSfapx23t5tA.png,scissors
Data/scissors/U6bMgGB3gf9rMBvE.png,scissors
Data/rock/4ZVOE4DxJDxaysrR.png,rock
Data/paper/HTETrKtTEB31pvsK.png,paper
Data/rock/ON7ALRXFwvKHbBPL.png,rock
Data/rock/Rc1dJyDnXnSjnpoH.png,rock
Data/paper/9RmM1chbNsDKXXlg.png,paper
Data/rock/bVzc0yl2Cm3xkOgB.png,rock
Data/scissors/Z2jcrWNs2feSmVtI.png,scissors
Data/scissors/PVsR1GzEGP3wznMy.png,scissors
Data/paper/lZkRVz5sifz7CD66.png,paper
Data/scissors/o1cPo5Z2YLfTz2vJ.png,scissors
Data/rock/UCZq5Q5ovMiGJLwX.png,rock
Data/rock/sY2021zJacpvGLBT.png,rock
Data/rock/No7Qf3DONPRwor5U.png,rock
Data/rock/HAz9geTMx5aynaaE.png,rock
Data/scissors/ttGVYechgB3WAlum.png,scissors
Data/scissors/yAuOKZfd9CyDMYdg.png,scissors
Data/rock/PHtj2zrPulp3AIKv.png,rock
Data/scissors/e5dFezMV6TxIvNXA.png,scissors
Data/paper/hxUxn67g42jOHGHi.png,paper
Data/rock/FopS2RV432i19UVz.png,rock
Data/paper/KSueOZE0QWbJClvK.png,paper
Data/scissors/8pCggsYVt6kUOza4.png,scissors
Data/scissors/6weMqPPWdXLD7lNy.png,scissors
Data/paper/FqTkhXfEVeaGHReH.png,paper
Data/scissors/s9hnXT0uSjC6vl6W.png,scissors
Data/scissors/7jLYhf025vHEX7kp.png,scissors
Data/scissors/wJNyEIqVDFH8bx5h.png,scissors
Data/scissors/FoYWUBXBw6qO7y0f.png,scissors
Data/scissors/Nu7zmg5BP4aU3e3Y.png,scissors
Data/paper/t2SdNfWDiXGLJPBA.png,paper
Data/rock/gRiBjZUJv5LqQXYZ.png,rock
Data/rock/iVsm6EbRk1J1cEGN.png,rock
Data/rock/gjdBDXv7avQwgTr3.png,rock
Data/scissors/m5ykDPqbTkPOEgWW.png,scissors
Data/scissors/yMcXpAajchPmSbnw.png,scissors
Data/rock/oO3NO14nRLCUNjuZ.png,rock
Data/scissors/2C9FEbBklwcVhF3W.png,scissors
Data/rock/rtyjzSfCZlfTPTox.png,rock
Data/rock/xczZynV4iyBbLHvt.png,rock
Data/paper/FKhLHIIqEsYmoZxy.png,paper
Data/scissors/Tghe750qrbh7MMpP.png,scissors
Data/paper/zQvuYPyUR7gXdqXE.png,paper
Data/paper/N4D5tleMLbP1Au5D.png,paper
Data/rock/X9KQv42y96rD2TO9.png,rock
Data/paper/PaZSkEO4jbBp3Hz7.png,paper
Data/paper/U2InMVDH10R24eOb.png,paper
Data/paper/axwcCc4rC8ySUtML.png,paper
Data/scissors/XNsF8hyn9RBUaFnw.png,scissors
Data/scissors/MdKQlVomcJJ6Z1GA.png,scissors
Data/paper/Rxmuq5Y6dw22QESt.png,paper
Data/scissors/4z7r8yUDFk3HwEgN.png,scissors
Data/rock/lXb5SpRU737FgSN8.png,rock
Data/paper/NS5CJKNsJa9jr5j4.png,paper
Data/rock/Gyq9GJFTfF1vvOZ8.png,rock
Data/rock/kS7mPmAkxkSxs1WR.png,rock
Data/paper/74FZPuPPfVCwqHgO.png,paper
Data/paper/X5YjuJk3mrupKDrG.png,paper
Data/paper/yWLbGUHRsGx5ocE9.png,paper
Data/paper/sDAWCwVlT2NFpEAf.png,paper
Data/rock/ELmZ4ELVncvjq7J6.png,rock
Data/scissors/z7TWGDT2mb6DsKuG.png,scissors
Data/rock/YllhyQANozETi3MM.png,rock
Data/paper/cw7oAjQLSjDYZPXH.png,paper
Data/rock/2NmrcDGkc7FQuu12.png,rock
Data/scissors/PQTyLq9Esb7RzmzH.png,scissors
Data/paper/HU7Q4utMI0vHMxlh.png,paper
Data/scissors/b6laDVaqf5K3aQvH.png,scissors
Data/rock/Zyzp7nBCojgQeCZs.png,rock
Data/paper/q35FqG8h9VCDbQ1J.png,paper
Data/paper/RQ78Zpf7uYHXCYcb.png,paper
Data/scissors/g1gIEqOv6YDveleA.png,scissors
Data/scissors/mmLhBFvXWgD957XY.png,scissors
Data/rock/xDVakDa8abIKURzb.png,rock
Data/rock/Wy9ESbYGxHgmqy9H.png,rock
Data/rock/QkABhOUYBbDXL7VF.png,rock
Data/scissors/FEpMZLoRy5eAgRvh.png,scissors
Data/scissors/qEeUSbz2Np2Qin0G.png,scissors
Data/paper/1Dfw5FRlS4h60JPX.png,paper
Data/paper/KqCGmJ8WCrqE5Uvg.png,paper
Data/scissors/B9HRznSZlfXYAUwK.png,scissors
Data/scissors/ejrBEOeknHrk4kCi.png,scissors
Data/paper/755DbuyE4rf2oGPA.png,paper
Data/scissors/6TMYdUMhaEWHQOcc.png,scissors
Data/rock/dD2TpDGv5gsYUJAl.png,rock
Data/paper/wQQCLOgW5qXxkwli.png,paper
Data/scissors/wjpTy95PqKpcRg9o.png,scissors
Data/scissors/eCrwTPFv8gvWXubN.png,scissors
Data/scissors/Ma48V1PQ0ylc88AU.png,scissors
Data/rock/INutMuoFBgugllQm.png,rock
Data/paper/bxn0wMR4QebqVl62.png,paper
Data/paper/LkNkNVjTRm5Gr9NQ.png,paper
Data/paper/Z4HE3jW7SMOonYFA.png,paper
Data/scissors/SEQCe9xFE7XXGeUh.png,scissors
Data/scissors/WtS1aLhJK2FZpcEt.png,scissors
Data/paper/zXY93m62vUNIH4a0.png,paper
Data/rock/EnikAJKQGkMfX5ax.png,rock
Data/scissors/9wjorYJt2c8t6y5Q.png,scissors
Data/paper/OEFttKrmyc4bGb54.png,paper
Data/rock/vgu9DXAirSqwFhWr.png,rock
Data/scissors/fdVS2hjaLlbu5u8J.png,scissors
Data/paper/UVuauoFm9Pk5JJre.png,paper
Data/paper/BbOoLEGslGMBu7sj.png,paper
Data/rock/yt9k2pmBRzMEXoee.png,rock
Data/rock/DXlFk9LGWpbBewq2.png,rock
Data/scissors/0Flw60Z2MAWWKn6S.png,scissors
Data/scissors/IOa7xROJIqP2jRQE.png,scissors
Data/scissors/PV4JNT7EUevp0FDj.png,scissors
Data/scissors/j3c7JHbJwmnOq6cu.png,scissors
Data/scissors/DlzjcfKNEmUSyBy7.png,scissors
Data/paper/qQim08vMQ6OUCtbR.png,paper
Data/paper/FxLuxwBp9Hw2th2O.png,paper
Data/scissors/pJix3Ef2BAOt7yAz.png,scissors
Data/rock/5Zca8AdXnpDvoz18.png,rock
Data/scissors/1VRzspyXpQ6A2rKy.png,scissors
Data/rock/rULPfRAFnmSQtUhh.png,rock
Data/scissors/JCPNp02x7U7KU7bP.png,scissors
Data/rock/pI8SGhRU1bmqZAcM.png,rock
Data/rock/Hz5ynYPew6XqaLdO.png,rock
Data/scissors/fRMSey1LBvG1TRWj.png,scissors
Data/rock/PFyOS0TL9gRsnYi8.png,rock
Data/rock/4iN0sQcmcukBN652.png,rock
Data/rock/d9UIt2WF1O9DYHPA.png,rock
Data/scissors/FzdAQgBSi3eRbR4z.png,scissors
Data/rock/WB7EanJC16YLgogF.png,rock
Data/paper/L2S17RtFi8XXp6b8.png,paper
Data/paper/H8n0niVYdIGNGE0d.png,paper
Data/paper/oJi50DvlvFg4wTio.png,paper
Data/paper/AqNY2b7NX9Ce3CjZ.png,paper
Data/rock/9OOydp53FQwUHu3u.png,rock
Data/paper/uHBQbKd9VTYWdctJ.png,paper
Data/scissors/JSDICtLrQIEXhPy5.png,scissors
Data/paper/U3XlUGS4C4YGpjGP.png,paper
Data/scissors/cDveaur4dR2ZCCo8.png,scissors
Data/rock/rzRKFMMFob6PQPxk.png,rock
Data/scissors/k7KXWWd1IymDhMIm.png,scissors
Data/scissors/MPiImIdtqCEKxDbP.png,scissors
Data/rock/k3AidZ3WX8t14gcJ.png,rock
Data/scissors/vLsE4fWvRdNXdkvb.png,scissors
Data/rock/VxODCZVhiNVfWsLj.png,rock
Data/scissors/tZ8TlcDUMWqENtfF.png,scissors
Data/rock/cfyxwMjZmO6RYzLq.png,rock
Data/rock/jpuIILjefqjHtUtk.png,rock
Data/rock/Lz2cVZ7LSaoXHcgr.png,rock
Data/scissors/aK8TLrx71gTLlSXX.png,scissors
Data/scissors/qguumDPZwrNl7e1C.png,scissors
Data/scissors/fYsFOMTEQ0VIy1Ma.png,scissors
Data/rock/foxUXc8WPRDAd6LM.png,rock
Data/paper/hu3OxByp0O4KCJft.png,paper
Data/rock/bsXoToIcgrXUypd0.png,rock
Data/paper/qsRQNgddFhV2Mlnn.png,paper
Data/scissors/J0FIl8T1zObZcenP.png,scissors
Data/scissors/R8yTHsEmwnN776s2.png,scissors
Data/paper/xJAZ3PewpLYs4ogR.png,paper
Data/rock/W7LNJeGLwxY8gzGf.png,rock
Data/paper/TzhAea8QXqJwqpUY.png,paper
Data/rock/XmtW0hEB1JqbZ3eu.png,rock
Data/paper/JKN8VKp7pfMEQdBZ.png,paper
Data/scissors/wT8z7icdMJt816Ix.png,scissors
Data/scissors/c5vx49tv1qUAH19T.png,scissors
Data/paper/cMbbpVIgFU95R4tO.png,paper
Data/rock/BFVK8zqyFZ9SFqm4.png,rock
Data/rock/aEjSJwrTtf651GLm.png,rock
Data/rock/Dt2vWLtAYm3XeQpx.png,rock
Data/rock/dnss2tOuxRmL0ZjZ.png,rock
Data/scissors/plCaKcxMczZTYQYV.png,scissors
Data/scissors/rPWSuNNi9TZbKb7l.png,scissors
Data/paper/orYuZ7NeWdENNt7D.png,paper
Data/paper/ntumvg6vWpT6qIal.png,paper
Data/scissors/ru1tyCfPe2JmorzL.png,scissors
Data/rock/6NSGRQDw4M2amVcH.png,rock
Data/scissors/xALf82q7G9zbPjgN.png,scissors
Data/rock/DNnBWydGbZkwxkWz.png,rock
Data/paper/RW8BP64V5NC04QWf.png,paper
Data/scissors/UJ5WJEvN4vQ86HKA.png,scissors
Data/rock/545XFudcV0UlnH2Y.png,rock
Data/rock/5yHTRIIDcdrXqMYJ.png,rock
Data/paper/BI9YnLkJ5wFZe6w8.png,paper
Data/scissors/N1OyHVPqxT0iO0vF.png,scissors
Data/paper/bWjObTeNghy8Z1zE.png,paper
Data/scissors/GfBCXN6UyOkkwshw.png,scissors
Data/paper/YEGCpdShhdOdneq4.png,paper
Data/rock/qTswJhA6jQYT4y3b.png,rock
Data/rock/brPQ0E5Gk9L0FHey.png,rock
Data/scissors/3n4i3lKB3nZOpDVv.png,scissors
Data/scissors/UTc5RnTVPMdKnVPL.png,scissors
Data/paper/kVKp9kJji4urjoMs.png,paper
Data/rock/F2MYeViv785ejIrb.png,rock
Data/scissors/UlvWQ1fnwQeGYNTa.png,scissors
Data/scissors/277q9TUTAsBAbTCj.png,scissors
Data/scissors/8dKMDDHzX9WeRAaN.png,scissors
Data/paper/e6blzPfvGcrcHaKl.png,paper
Data/scissors/aDk2yxglXt7Xkrzw.png,scissors
Data/paper/cQ0dBO3yHPohZ9U9.png,paper
Data/scissors/mRlkMzgNq3PxHHe4.png,scissors
Data/scissors/PnuPFf14FGLB9AKu.png,scissors
Data/rock/5nKDkVzIMQWmtReM.png,rock
Data/paper/VD4twqBeFDIHSovy.png,paper
Data/scissors/BJwCAwQV0EWaUT1X.png,scissors
Data/paper/UN3iCDyiEIteIMdx.png,paper
Data/paper/Uok6jb9ObZxSWCDu.png,paper
Data/paper/FcIIjteQItMuIuRa.png,paper
Data/rock/mu2i6dWPZNLGnnPy.png,rock
Data/rock/wzcE5Sx0VwqjWQhs.png,rock
Data/rock/1mnAKQCHEDbtjPX2.png,rock
Data/rock/sCkuAnI0vDucXt7m.png,rock
Data/scissors/QbAO4VZw7Jlcenou.png,scissors
Data/scissors/Z1leFM4TO5u2eSaI.png,scissors
Data/scissors/itSX8Pe5BwSSbcEb.png,scissors
Data/rock/7cNxwgrraQGeA1LA.png,rock
Data/scissors/e8p8cRK4gABNoiaZ.png,scissors
Data/rock/QdUOXLvrrFZbV5G6.png,rock
Data/scissors/evBSpeXRlbUu82CV.png,scissors
Data/rock/wnFnnnpg4cx8NeoO.png,rock
Data/rock/dA1kwqyPaGEErN3j.png,rock
Data/paper/HarpXSxVfoAJ9cFe.png,paper
Data/rock/LzPap5344J7kKj2P.png,rock
Data/rock/AzWs0iUTTu8bLtsw.png,rock
Data/rock/eHSa1nP8bmRToqyG.png,rock
Data/paper/zVMOQFwVINs3dj8o.png,paper
Data/rock/oIoIl8ZLod1q9i1s.png,rock
Data/scissors/hzfrafUqDDoL0esu.png,scissors
Data/paper/zBMp6VflTDyfCqa6.png,paper
Data/scissors/lPWbZ5JDB0gjIv2J.png,scissors
Data/rock/ad5rtBQRrXNma3u9.png,rock
Data/paper/JbnPCQTbu7AS9jvo.png,paper
Data/rock/8pxbBnbfqzX3ijVM.png,rock
Data/scissors/DpuTr8KvePPqWO5Q.png,scissors
Data/paper/veIFAtZUg4WYjn3N.png,paper
Data/rock/1VoYiUgPE6h45MLu.png,rock
Data/rock/nKBG8QSEBTwgkoVp.png,rock
Data/rock/MwjRfqp6Gnh4vHI8.png,rock
Data/rock/IR0TvCNLcK7IrE1a.png,rock
Data/rock/EfKcpzUsdKq9J3VN.png,rock
Data/rock/UuozdYFAjozEdiMj.png,rock
Data/scissors/GacGc5Z89bSZ5IXG.png,scissors
Data/paper/2F8Ng7620ANA7tEK.png,paper
Data/rock/oHI3A0mSiVVJTSo6.png,rock
Data/scissors/sZiHU8vzCRw4Z2jg.png,scissors
Data/rock/RkKc61MLjm4clTPg.png,rock
Data/rock/nLGBKJAhRNQqPFrT.png,rock
Data/scissors/RTCZxs3LhwklhSKk.png,scissors
Data/scissors/Hkq2KHtnKxyBLLPU.png,scissors
Data/paper/vUtM1pR6f5ZdEn5a.png,paper
Data/paper/wfpI2zfWOeQbwd1f.png,paper
Data/paper/v6wOWeRyh3Sv5BXo.png,paper
Data/rock/2UaJz6Z3xJv3WX9h.png,rock
Data/scissors/BtUfOjTzw9EEvNHO.png,scissors
Data/paper/EVtIRpfQ2ys2A3ag.png,paper
Data/paper/pfyaiU10n2EvAwgw.png,paper
Data/rock/qJ0P3RNZJ1dL3lzS.png,rock
Data/scissors/uFQ3SN5QxNyXoBmx.png,scissors
Data/rock/y57pFGvddZimmNu8.png,rock
Data/paper/NKNFgMn2Ik3Y9XuX.png,paper
Data/paper/V7gDBwuUctk8myTw.png,paper
Data/scissors/fIryCS56DD4INQKz.png,scissors
Data/scissors/5VvYOvnkxKc8PIog.png,scissors
Data/paper/xnLyw2TBZF8e2vcr.png,paper
Data/paper/R2Hq3bL46kah8D9n.png,paper
Data/scissors/Dl9fg6ttVQY9U28G.png,scissors
Data/rock/EwKdZirU6MwYRV13.png,rock
Data/rock/O5SEqKQq5Ui3pS57.png,rock
Data/paper/iGiF1suI8wXP6A2r.png,paper
Data/rock/tGBAO9oyBYRD7XXS.png,rock
Data/paper/VstDOeRm7czrAOO9.png,paper
Data/scissors/CmzQ1oRM0ei850Wl.png,scissors
Data/paper/jaxChUvakWAN9eTs.png,paper
Data/scissors/uU7I4uUVN2mDwZpo.png,scissors
Data/rock/A2j94231CiW6OKA0.png,rock
Data/paper/DOuDihjhzIuZ2skd.png,paper
Data/rock/Mfz7ZRZdZeRxFYAf.png,rock
Data/paper/89dWYgfIZm624Pf6.png,paper
Data/rock/qUjyvBdP04lUmBkl.png,rock
Data/rock/Yzx0RwB2AFNAvC6s.png,rock
Data/paper/UCZlOkcylNYU2ylP.png,paper
Data/rock/weNeUSDwclSyOtnW.png,rock
Data/paper/V3Z0tEoM7Cq761eZ.png,paper
Data/rock/BvjXvNTvapIFq4bK.png,rock
Data/paper/wBUGgxpeb0gggcTx.png,paper
Data/rock/kW4W7E0A1Wpo45eL.png,rock
Data/rock/TI2gNkqMM5nOpoB0.png,rock
Data/scissors/nHMXDFvdVQ8Vb0F7.png,scissors
Data/rock/StZmJNdxOScdAqF0.png,rock
Data/rock/9JYn3D5vkXtrasPJ.png,rock
Data/scissors/qfwqUBajqgUWpW86.png,scissors
Data/scissors/ainbAijlBiMxQcNq.png,scissors
Data/paper/nnf5jELXQuneoejn.png,paper
Data/paper/6wuALDd920vZ0qZE.png,paper
Data/scissors/GlmYygm1ezDtcUks.png,scissors
Data/scissors/oDhw5SDj3rprGmyc.png,scissors
Data/scissors/rg2UeHqmCL67Pl4o.png,scissors
Data/scissors/BwX4LCp8V8FlquK1.png,scissors
Data/rock/pU5fol2HJ1fxobLd.png,rock
Data/paper/yPnREvUeAGYRKi7V.png,paper
Data/rock/XqR9QAFi9qQMUdw2.png,rock
Data/scissors/lhD4U5er2UL6nfAH.png,scissors
Data/rock/EPFt6X0fS9c97Y5y.png,rock
Data/scissors/uCRRTGuvPMUiZXYz.png,scissors
Data/rock/bC7OWmNYjZLjLYnd.png,rock
Data/rock/yrzokMUYHlOLsRhQ.png,rock
Data/rock/KKYleXVUgi0h0np4.png,rock
Data/scissors/OYBNEmjQC8Uh2cC5.png,scissors
Data/scissors/V14OoL0RMpvwPptc.png,scissors
Data/scissors/5p5Qjz4unC0KcWoL.png,scissors
Data/scissors/d9N9D5ldS6PCfFXu.png,scissors
Data/paper/YTZfr87ETKYNkQRN.png,paper
Data/rock/how0vUOltuU1m495.png,rock
Data/paper/2tDgPZGqbrw95j39.png,paper
Data/rock/iCR447ESdUXjdOFz.png,rock
Data/rock/r0xQoW6iQbPig3jf.png,rock
Data/paper/aOiWbMZF8BhxwLTs.png,paper
Data/paper/hUDN2qXDxjoGBWqu.png,paper
Data/paper/7NyxZyxSJ1gphzUE.png,paper
Data/rock/5qDxuZZrlJjTW8ld.png,rock
Data/scissors/4hvoLYY28SGuZCEI.png,scissors
Data/paper/zGty6p4zGTzRip73.png,paper
Data/paper/B3dlyiRDulDJWOsW.png,paper
Data/scissors/OvlZhZPWYPjouJIM.png,scissors
Data/scissors/M8ctr4cjddfGnoWg.png,scissors
Data/paper/MLURv7NBoSPK4f1h.png,paper
Data/scissors/At8YmfH681yAI9O6.png,scissors
Data/rock/H5UvLsMVpHQH2q0i.png,rock
Data/scissors/J06aYYcl79xoBD0g.png,scissors
Data/rock/Lasz75PzyTyufo0u.png,rock
Data/paper/gO7yxcP6H1vZ7lOe.png,paper
Data/paper/Ih5Z5Z3xFZ17IcZS.png,paper
Data/rock/ZWrzVOGgkuKQRDnQ.png,rock
Data/paper/eCZWzeGkpX6rdizo.png,paper
Data/rock/rzLjaOMLU7vbZnPH.png,rock
Data/rock/FAXYcAg30rtQnofW.png,rock
Data/paper/68QZtdP6UaIcIE55.png,paper
Data/rock/oYZ5GJcd60BPi0BI.png,rock
Data/paper/LI47bUY9rR60z73q.png,paper
Data/paper/yB4dN62hOf4QeWGy.png,paper
Data/scissors/dFlxUAypUgfOZqoV.png,scissors
Data/paper/Ze6bn38U5XECyORF.png,paper
Data/paper/kz9TBAHLFXGnHCiF.png,paper
Data/scissors/wxHuDLxKADn1JJqS.png,scissors
Data/paper/dF7Gvm0vgCJZofAW.png,paper
Data/rock/JMkBm2iBy4VxFChU.png,rock
Data/scissors/FCsZ8xbkykokN7sp.png,scissors
Data/scissors/DcbHRGWKeOdFBzEs.png,scissors
Data/rock/XNzFnFkneYMqJQOF.png,rock
Data/rock/hi4vWQhDFKyTs4iJ.png,rock
Data/rock/Aa9hY8wo2ixaUNKH.png,rock
Data/scissors/55yz6JI9f5DTbq9D.png,scissors
Data/paper/x8fNY0V8O2CJ9vaY.png,paper
Data/rock/5QHZzfwp2xJXckQb.png,rock
Data/rock/bu8W5hPRULeRi0Kr.png,rock
Data/paper/Di7hVJMSS3DzbSTi.png,paper
Data/rock/5EEdNZWT8M9PThPB.png,rock
Data/paper/UWq276y40jnVYaPC.png,paper
Data/rock/zdNuxse3BvJK3s6Q.png,rock
Data/scissors/ismjaxPJzOizyqOx.png,scissors
Data/paper/ZjHU1M9wOwgrm7SX.png,paper
Data/scissors/Gr3EpS7AO3KtWTz0.png,scissors
Data/scissors/NSv28DjjZXJ8mvhi.png,scissors
Data/rock/QO4ebj2KlmPIU1Eo.png,rock
Data/scissors/fTwiqatiNNgEeTBi.png,scissors
Data/rock/zM2n6u50gHzL1i6i.png,rock
Data/paper/04l5I8TqdzF9WDMJ.png,paper
Data/scissors/kH6F4XFQOxMTRZj3.png,scissors
Data/paper/ac0j8jCfz8hwpY0o.png,paper
Data/scissors/Wp5WNP9Enlm4zjhx.png,scissors
Data/rock/Vt8bxMbkU4svFwyN.png,rock
Data/scissors/gQyIUVHeIS3WYuzv.png,scissors
Data/scissors/ZKG6hW0U101PcEoo.png,scissors
Data/paper/SboHPaPEPBqkkTUX.png,paper
Data/scissors/WCJ45vWIRykFDXkA.png,scissors
Data/scissors/xXxXuQZdlW8ebxCN.png,scissors
Data/paper/X3iDu3E3UCW1w1Cd.png,paper
Data/rock/FQKAKSGEI0OuRQhh.png,rock
Data/paper/OhkFvTOiBqphyG0I.png,paper
Data/rock/BYoDUgGsCMmAIF9I.png,rock
Data/rock/E4kPnJ376NIwG4Mh.png,rock
Data/paper/1uoW7QcH2qAgCTxv.png,paper
Data/scissors/Vn5KkLfrFuLeRyKZ.png,scissors
Data/paper/qZX4Zcms0Ffpe8v7.png,paper
Data/rock/B4x3aTJOO6e3BIIX.png,rock
Data/rock/TgCDIOp6r8sKduvT.png,rock
Data/rock/AiAPUXqX24FjC0mU.png,rock
Data/paper/VFOCgVBUlL5Gp4Hh.png,paper
Data/scissors/8Q1PAZsxpLf5FAo6.png,scissors
Data/paper/XCoWpNiWscJm476F.png,paper
Data/scissors/H9JStRaVHPocFlEq.png,scissors
Data/scissors/loXdJgVrbcZGFjas.png,scissors
Data/paper/Klcu8qBjVs676hic.png,paper
Data/paper/UOW45qbyvti8nBHV.png,paper
Data/paper/qWHWCHG7exZiCfdq.png,paper
Data/rock/BSMMOAJotDbg08rj.png,rock
Data/scissors/vur2opqCdVFD3f6c.png,scissors
Data/paper/b8dw4ZOgMTx2h1xI.png,paper
Data/rock/JmcPS1QNxo3NDlk0.png,rock
Data/paper/cuDzhxpWujBPgJmX.png,paper
Data/scissors/kP93zKVUzAJpIWpV.png,scissors
Data/paper/9xyvz1JbPwNqtLgH.png,paper
Data/rock/o2a42Or5QnATFbf7.png,rock
Data/rock/2O9XPBJRT119drWX.png,rock
Data/paper/0vugygEjxQJPr9yz.png,paper
Data/scissors/3Q6h5cXYeNTeOLgD.png,scissors
Data/scissors/4burI8a7jyfTRBl6.png,scissors
Data/rock/fQPCA8oYZ8ywDgyv.png,rock
Data/scissors/XXKgbWzJCa3JSYdz.png,scissors
Data/scissors/Us8s37BoILcW4tgE.png,scissors
Data/scissors/otBEUIQNFGMk80vF.png,scissors
Data/rock/qnvJFE0EKgfw4xr8.png,rock
Data/paper/JsrOSaR3txTRu3I9.png,paper
Data/scissors/nukdu4gV8vol1FY9.png,scissors
Data/rock/x4KH7n6QA6CV8In4.png,rock
Data/rock/hTzQIKUtmllw7je8.png,rock
Data/scissors/JWz75J1U5sGr1FH2.png,scissors
Data/paper/ib30bLCbBl0mKWko.png,paper
Data/rock/V3wtZLDoj8UyjEh4.png,rock
Data/paper/Cto0fRvS0ns9lVrs.png,paper
Data/rock/HiWw0r0djGMscUQD.png,rock
Data/paper/t3gTGwl94iLuZL1k.png,paper
Data/rock/hAcc7l7XQ9EtxxfR.png,rock
Data/rock/3Umm2S8TUyEpkbCY.png,rock
Data/rock/9kYPKMVtd4nOvSK4.png,rock
Data/scissors/zdo3LHesq3aHmu1f.png,scissors
Data/paper/NLwrHPTaiNSMjHLX.png,paper
Data/rock/abNcCRBP8z4cNQco.png,rock
Data/rock/HHXLX66BbEVNYl6W.png,rock
Data/rock/BYG1hwCG8M64UXIV.png,rock
Data/rock/ktvHAgLHY7YAY1Af.png,rock
Data/paper/0Uomd0HvOB33m47I.png,paper
Data/rock/6HFAfRozG6L6n9fl.png,rock
Data/scissors/itXNIVO7ghl2qja8.png,scissors
Data/rock/Mhco9qeEh5TV83cQ.png,rock
Data/paper/jZe5ePOjxcQEJitP.png,paper
Data/scissors/Px1M92VqNpLveOTC.png,scissors
Data/rock/aB0M38mmr711uzAY.png,rock
Data/rock/sKD8rWd2xMuZQl49.png,rock
Data/rock/f48wzqwquNrvjICP.png,rock
Data/paper/gFqfkMtX39sTkrSB.png,paper
Data/paper/1yeoLbmp4alVOtFv.png,paper
Data/rock/XLXLcpDFWHNVkYQ6.png,rock
Data/scissors/ZzIlyDP6opy9ifkB.png,scissors
Data/scissors/8rqHdq10eHPzVV4N.png,scissors
Data/rock/rMViRrOZTOK1XiEw.png,rock
Data/rock/SNEJ1wGU1s9Dm3I1.png,rock
Data/rock/z2NDPC5oc02bXnnK.png,rock
Data/rock/dZ6rscIYTbmlwVZE.png,rock
Data/scissors/SWoqkY88y24jzfHP.png,scissors
Data/scissors/1UojLz4CrT2G1Eo5.png,scissors
Data/scissors/P89hjrsbJroQJg19.png,scissors
Data/rock/boppgwG3Rz1zqCNK.png,rock
Data/rock/UXc8KgQBF2jXEa9j.png,rock
Data/rock/D7Ykcj1tYAannu8h.png,rock
Data/rock/gPFCK0WnHem9uYEW.png,rock
Data/scissors/vua0e2tJtebtNywx.png,scissors
Data/scissors/fu07mFhmsJAtiPwr.png,scissors
Data/rock/9TeUwuSOgtGgewNL.png,rock
Data/rock/UCkxupMKtpEo5qdk.png,rock
Data/paper/fYuJzeeHPzGwlGh0.png,paper
Data/paper/dZh2VMRu9nRGHhYL.png,paper
Data/rock/32PDtFdAkUiAJbmP.png,rock
Data/scissors/fNhHWQTLa9YBoIo2.png,scissors
Data/paper/4ZoU4nouZzb9G2MI.png,paper
Data/scissors/RrbEWg7xTBv2qa9q.png,scissors
Data/rock/lb0hZJ95AjtXzoHf.png,rock
Data/rock/KQqIoVT62pLqhEGR.png,rock
Data/rock/ULTg1DfgsXpxo2lJ.png,rock
Data/scissors/DJQMlkIuVBNMoXMX.png,scissors
Data/rock/kVwUUOjOc6VtZVMt.png,rock
Data/scissors/KfZNOowxVhhRLrza.png,scissors
Data/rock/hfvXIbr96w55MAIz.png,rock
Data/paper/ubb6xwgONJP3xBbv.png,paper
Data/scissors/zV0yCNG0C9s4GId3.png,scissors
Data/scissors/oNZAuH1gIa65iSMu.png,scissors
Data/rock/tErKQ83tdngWfp23.png,rock
Data/scissors/bAQiTy59XVNlKqc4.png,scissors
Data/paper/crYtjQcVKQjCAWYq.png,paper
Data/paper/k9d5xaurp8JC9DXp.png,paper
Data/scissors/NInKk7uh3vNRuwCm.png,scissors
Data/paper/389udM70tLrMVL5H.png,paper
Data/scissors/w7862CEzcIVnMgG4.png,scissors
Data/rock/sDLQgvDkWYW8qa8b.png,rock
Data/paper/9giVcOVtFf85mQZd.png,paper
Data/paper/PbqPTUSB4HxBVDZZ.png,paper
Data/paper/eBjRjXUIy7fpUaRy.png,paper
Data/scissors/OLq5gEcrMDGftxeG.png,scissors
Data/rock/LvqSpAbFMyQ1H0Ms.png,rock
Data/scissors/g2CVyHgIl83M2F0m.png,scissors
Data/paper/AtfMvZ19yfJJZapD.png,paper
Data/rock/cJOgpmKKBSPdPSeD.png,rock
Data/rock/poJARbX3gvvFDPXQ.png,rock
Data/scissors/caj9PiWZ2BenuxXF.png,scissors
Data/scissors/xtv6VZ84IEFHd9pS.png,scissors
Data/scissors/9C2CyZRK18hcyHSx.png,scissors
Data/rock/gutk3kRhu9AfjYWQ.png,rock
Data/paper/yYiQN5jZvkGqr6C5.png,paper
Data/scissors/9VLUR3WfMvIdEMrO.png,scissors
Data/rock/wjljU5HhXhirxPZ3.png,rock
Data/rock/muKpkJF3C3j0TmAN.png,rock
Data/rock/iILNKQp2qExtn6JV.png,rock
Data/rock/7xXAch1NxPhoEdk4.png,rock
Data/scissors/0657zSfiTYzP2jrl.png,scissors
Data/scissors/IY2XFK2Iinzy6K4i.png,scissors
Data/paper/Lq77eAG8OPaizwEd.png,paper
Data/rock/SlAF95clUBus3B4a.png,rock
Data/paper/AMewmfMVCnLfbuNr.png,paper
Data/paper/Gc4hUsoFAQBdulGg.png,paper
Data/scissors/MpiOsioYVx1AJelO.png,scissors
Data/paper/fCX7MPg0xO4QP2Mk.png,paper
Data/scissors/H7drJKmXJb6g6YxC.png,scissors
Data/rock/BTcHjuerLAYWzx8S.png,rock
Data/rock/yhdKczrnPdXbTjZc.png,rock
Data/scissors/FP1L4Ax4XDmqP2QB.png,scissors
Data/scissors/uMy6gyGTY6epng27.png,scissors
Data/scissors/mIFCv2K3nBdTMjku.png,scissors
Data/scissors/1lEpWTJDphkm3HdC.png,scissors
Data/rock/jKWUHfF0b4BzWBEk.png,rock
Data/rock/6TC3PefZj9PxEdqz.png,rock
Data/rock/s89nGNUsKL1q4vtJ.png,rock
Data/scissors/44Hu6owS3pPqmyG1.png,scissors
Data/scissors/6z9hCJxzN11rIsJH.png,scissors
Data/rock/1MOm36DHK0R8OfIC.png,rock
Data/scissors/YqEvBlhrl5XkzIlO.png,scissors
Data/paper/Je4YZuaXlY4KaAfQ.png,paper
Data/rock/8WivsxbidGW1wvnx.png,rock
Data/paper/EJ7cNnnea5yCEaOd.png,paper
Data/paper/WVfwcOw6nXcg4xER.png,paper
Data/scissors/K06meJWsLavqjfyX.png,scissors
Data/rock/1DxbXT3M2qiMjCmC.png,rock
Data/scissors/1jKhi65BPTLXnUI6.png,scissors
Data/paper/XNUalPNmCkHhYk1i.png,paper
Data/scissors/pZ9zE5ahoKZhIZqm.png,scissors
Data/rock/xn0aW7kbdkNaR2cj.png,rock
Data/scissors/Kzghoy329glIgfcC.png,scissors
Data/paper/n10pI9JDPyeM0P73.png,paper
Data/rock/pBRSGgUENwGb83VQ.png,rock
Data/scissors/yiOfEmSzPhjaYDwH.png,scissors
Data/scissors/JlHdrLmHFDNY7Cy2.png,scissors
Data/rock/dLrum1jVnQix8sV5.png,rock
Data/scissors/NeYB1usFd9o84q13.png,scissors
Data/scissors/XC8NJo82qJO44Nim.png,scissors
Data/paper/rrSpAVrlixKrTC1T.png,paper
Data/scissors/dnXr5NzZKqzg8VgI.png,scissors
Data/rock/1UXuUYJ4rVj2eSvt.png,rock
Data/paper/9OyGmAsWD5Ie6QIa.png,paper
Data/rock/WTNxLmYXbSvxjksk.png,rock
Data/paper/7PSJU8kbZf8S6FRW.png,paper
Data/scissors/9tyrAAweW8qCI4st.png,scissors
Data/rock/BOswKcczxw8dC4kY.png,rock
Data/rock/xy6EzMBW1U0aWDhr.png,rock
Data/scissors/RPQtLp789cqfKEQE.png,scissors
Data/paper/37PRV3B9HxuUPkQr.png,paper
Data/rock/YIHmMbsN487PuNaH.png,rock
Data/scissors/3hIcgfPOoWEIs16j.png,scissors
Data/rock/s3NrOMdLJLZbpSdU.png,rock
Data/paper/cf9L4KKsfsFpRrYA.png,paper
Data/scissors/p67xXnYGlchlu7pi.png,scissors
Data/scissors/Y2lr5d6VnNfievnA.png,scissors
Data/paper/TYjJigXjEyiVntzx.png,paper
Data/rock/GUpnzDfAkw6bmia1.png,rock
Data/scissors/XwaRRl8CwYMJKx95.png,scissors
Data/scissors/dOgYDnySFw6fj21T.png,scissors
Data/scissors/s1gqGqCAbVLwDSw8.png,scissors
Data/scissors/yAEtN7WUvS5S1Cmy.png,scissors
Data/paper/9WQaDoiIDC4zGPr8.png,paper
Data/paper/BLqL31aC5YLmx3uF.png,paper
Data/scissors/wuoizA09gXbcCZ5a.png,scissors
Data/scissors/Ea5uaRMj6JwEAEtn.png,scissors
Data/paper/IXh9BTFQQ6AIaBpr.png,paper
Data/scissors/gs2BzCeH7aDo8Lhs.png,scissors
Data/paper/4Fxr7klOIfijCpio.png,paper
Data/paper/SDQQfzHl47yNqA6K.png,paper
Data/paper/IKy6sz5i68TYNJH6.png,paper
Data/scissors/SMQFKEq55U7752xf.png,scissors
Data/scissors/znR0vgP11p6yX3nI.png,scissors
Data/rock/2f25VA1nfxiC86xj.png,rock
Data/paper/ldGrLw1rlUq1nHuw.png,paper
Data/paper/6BIKQpfZEfQkCvrz.png,paper
Data/paper/yYba9sH9TlYCAtoo.png,paper
Data/scissors/533ZH0WCaiOZO0nL.png,scissors
Data/paper/fPwDPzGZ5JeY0rb9.png,paper
Data/paper/7w91NsCtVzsPOSYB.png,paper
Data/scissors/dpBDoATNj0ZtqSz3.png,scissors
Data/scissors/zyml8p6mHzWWJTyw.png,scissors
Data/scissors/M8g1dW2y0mQxe3OR.png,scissors
Data/rock/cY3jY96VetFq6Ayp.png,rock
Data/scissors/WYOb0YuOVCMs7ebJ.png,scissors
Data/rock/eJ5fbY23rZWUULxO.png,rock
Data/rock/bX0QhJtFkkDn1bEw.png,rock
Data/paper/dUDR2ViadkqS6EHf.png,paper
Data/scissors/XSI0ZmaJN2CfPs3B.png,scissors
Data/scissors/lSAWzGgHunaNt7jj.png,scissors
Data/paper/WUJ02oAbtzoPF4oo.png,paper
Data/paper/khFWD3MPEKPitVyA.png,paper
Data/paper/QCqvYDzuP0z3omox.png,paper
Data/scissors/o3uLvDdBwKBY9793.png,scissors
Data/rock/Q7EjH9y5ipAktIG6.png,rock
Data/scissors/7M6QmAbgSaXFX9ES.png,scissors
Data/paper/nmkNauqVsM2JUvok.png,paper
Data/scissors/MFG70ohG4iZ3xm3b.png,scissors
Data/scissors/7Zb3QM9tznboKuQE.png,scissors
Data/scissors/Osm4O4K7sdFOSiRk.png,scissors
Data/rock/hfNIdhXfFcNcv37n.png,rock
Data/rock/1vvcitV1s17gKdbn.png,rock
Data/scissors/1i1dlQrE6JnhYXE4.png,scissors
Data/paper/BfFGJgByTJnxADwA.png,paper
Data/paper/SjE9MULuPPnbplHT.png,paper
Data/rock/ALFXBdM6k9V1h3EH.png,rock
Data/paper/6NzgMmSELzk3WtZh.png,paper
Data/rock/xH9uXlr7ev4rhwf2.png,rock
Data/scissors/EiSbUEkcpA3vRMGd.png,scissors
Data/paper/L2oIlMxDTToJYUvV.png,paper
Data/rock/iTEpNyc8wQiAbm0I.png,rock
Data/rock/NjO1nKIuSLnWpnK0.png,rock
Data/scissors/RCThbCZDuS9DMCY7.png,scissors
Data/scissors/tZYSEIgQN7PZ31tk.png,scissors
Data/paper/UqMn3TJPZRf0px46.png,paper
Data/scissors/UAaPcdGxSdKJngGc.png,scissors
Data/rock/JIdgNYR5ymqv8uxv.png,rock
Data/paper/URj0hmH1Y9lNObL9.png,paper
Data/rock/oYofHCDonUnJKd0C.png,rock
Data/rock/PvAvhK0mbyEq1fcC.png,rock
Data/rock/6QrCGRwuFLPn0VIH.png,rock
Data/rock/tMiH4tj8YffHNl0O.png,rock
Data/paper/QnjBVl6cFnyd2hVF.png,paper
Data/scissors/CPRUyuzmPTO8JrEp.png,scissors
Data/rock/1wk2Hl1Ih9guOwx6.png,rock
Data/paper/FEdPo8Z0t3bB1hHC.png,paper
Data/scissors/ZHY8N2y7tIomiozo.png,scissors
Data/rock/1e1VCnCEApnFh9Oo.png,rock
Data/scissors/xgFgqnPJIU3u1ZqY.png,scissors
Data/paper/gR2aEiEX8CzCtyBN.png,paper
Data/rock/gc8jqxVapG2o8ol1.png,rock
Data/scissors/DH7iguASbWIzzBnT.png,scissors
Data/paper/oKx22gb6XjI0aXHR.png,paper
Data/paper/ZnuLAMdyI9xJCcKE.png,paper
Data/paper/6ycslJxTsTjZc5H2.png,paper
Data/paper/qtfGt3JjA0Orrg9v.png,paper
Data/rock/pmukoZQITHhWvDDb.png,rock
Data/rock/GksMLm2b4t6sUYzY.png,rock
Data/rock/lO2wvyJGrQBZvX9P.png,rock
Data/paper/4Pir885YNPXiRs0R.png,paper
Data/rock/I1T89xw2qr4aTrzq.png,rock
Data/paper/vHbB53ZFtZoNcvAM.png,paper
Data/rock/qrKttJhRuVwzKsQM.png,rock
Data/paper/JZ8KCFK6y0Zd87Xl.png,paper
Data/paper/P0BIztnCzZ3StLD1.png,paper
Data/rock/337ARHTZmhCSkoEM.png,rock
Data/paper/aJeRqPY3UVBErDTY.png,paper
Data/rock/UOBPeuMnZRb6Ycug.png,rock
Data/paper/byBLmTC0iWfnT7wo.png,paper
Data/rock/EPqSt5HeGNMhPaeR.png,rock
Data/paper/qM0f6IJPDfLRpo1d.png,paper
Data/rock/GA6w6DqplIPDNDeO.png,rock
Data/rock/iKI9Mw3KvEOuuj9o.png,rock
Data/rock/lpmH56YGWEHsmhBi.png,rock
Data/scissors/0Ug54ifXRqqlZS2Z.png,scissors
Data/scissors/w1NflQUWVQmFdZdI.png,scissors
Data/paper/UHyVkisiFMmasl7b.png,paper
Data/paper/M4h0o8DAzyOpmgSM.png,paper
Data/scissors/e8hlT6glM2V2RYgN.png,scissors
Data/paper/nPEUpKKphLYH3Bjy.png,paper
Data/paper/eCpHvcUt4r7A9xJE.png,paper
Data/scissors/urK4D0Tf5XNKCgIJ.png,scissors
Data/rock/sq8ppoxKFLEiWc1N.png,rock
Data/paper/nSfRj8Sp6S0GsMVm.png,paper
Data/scissors/IqHedcZ3nrBRxpn6.png,scissors
Data/scissors/ZPjzBZeu7RFCMj7A.png,scissors
Data/scissors/vqUZ6XnuzKHIFVOO.png,scissors
Data/rock/H2lQHx5y3oy8mLSL.png,rock
Data/scissors/cbGRRpm8EE2K6pDH.png,scissors
Data/scissors/TxkHaqZ5Mg3Jfs80.png,scissors
Data/paper/JFOcfFSm3Ul0Xkha.png,paper
Data/scissors/ak3LcYS6c0jfzncs.png,scissors
Data/rock/H3USQGpRNkk6KyXa.png,rock
Data/rock/iwM1SIgty28sLu2p.png,rock
Data/scissors/zepzkaBk60xgpP3C.png,scissors
Data/scissors/qu2vQ5gzrN7dOu1Y.png,scissors
Data/rock/MhOAtto6kcc8xsKr.png,rock
Data/scissors/ZGPpmBaEH8F0qXzI.png,scissors
Data/paper/CxcQ3XRBjkkmZ9b8.png,paper
Data/rock/OCa85cn2JdZzOe8c.png,rock
Data/paper/wYsHIJDvNLDvn4m7.png,paper
Data/rock/BnnRzew7yA30gyts.png,rock
Data/scissors/NMWjLWPkXc8YmJTP.png,scissors
Data/rock/IcqtnpGHgStAPMXM.png,rock
Data/rock/yC1FoVJ7cUxIEfBc.png,rock
Data/rock/AbZoX8Iv6xigsR42.png,rock
Data/rock/esqqaIq6wKOr8EK6.png,rock
Data/paper/qhhaVBNDIWDdNR2Y.png,paper
Data/scissors/XBP2RvuuQk5EMXsW.png,scissors
Data/scissors/jL3CMVgsLdWznnKe.png,scissors
Data/scissors/W7ijVLyfVPL2msio.png,scissors
Data/paper/hHY3BbYoVFjLEsbd.png,paper
Data/rock/kdSoBBdU2T0eoWR2.png,rock
Data/scissors/56VICUKU6RgoLTHW.png,scissors
Data/paper/djVVgBL6PqTdtr6l.png,paper
Data/scissors/eJ9GdFE4kzE0t5zh.png,scissors
Data/paper/QqPSoi6Vj2Vbua3V.png,paper
Data/scissors/3kVoftgTNdDcvPPY.png,scissors
Data/paper/5kJec3v9txvrAb4g.png,paper
Data/paper/vvM7nA8hZJD5b9CL.png,paper
Data/paper/AjwddXm0ttm7Ts5J.png,paper
Data/rock/lfR51TrQjuKJXkT6.png,rock
Data/paper/4dpYSXpjYbiH9MSq.png,paper
Data/scissors/psMU7A2lP3JHiyjV.png,scissors
Data/paper/p2Y8kJZKuaHvM4dk.png,paper
Data/rock/yQIWMi6PpMKRMZaa.png,rock
Data/scissors/AoGoNngxM4z3CboT.png,scissors
Data/scissors/2E8j595xseKRF60J.png,scissors
Data/scissors/xfdYfkrgEZ2fuuck.png,scissors
Data/rock/qNLvry2jUcwSulgu.png,rock
Data/rock/L1nqVqYSFwToHPKG.png,rock
Data/scissors/hyQDSSjNFHX7Wirc.png,scissors
Data/rock/JOaPrPIINVvoI9l4.png,rock
Data/paper/xha8stYdUnt02zKI.png,paper
Data/paper/TmPdVzKg9yHUefja.png,paper
Data/rock/T0Ac7jx8YlCdhjXB.png,rock
Data/paper/C3j6RdTEo4jf6Cr4.png,paper
Data/rock/PXIxKdf4DvyHXy89.png,rock
Data/paper/fSWSXO9fumLluiAF.png,paper
Data/rock/NSlKVMz6GymflBze.png,rock
Data/paper/mugG8B1m5Ra2aRgZ.png,paper
Data/scissors/AOao5nWv96N9SV7O.png,scissors
Data/scissors/kyzq1dNdXgG9OZDb.png,scissors
Data/paper/CJ3BCSOVp8uzaPnY.png,paper
Data/paper/ATs4aFUIODixPnMI.png,paper
Data/scissors/jVsCBh8HQczKdHci.png,scissors
Data/paper/nvCwoV9k3ym5N0JA.png,paper
Data/paper/1oKnUgV2CdCaQUUX.png,paper
Data/paper/atICt4otp6p6h31G.png,paper
Data/scissors/JOwOktLqjDF0qFIW.png,scissors
Data/paper/UJXhVbWUgUnzedxP.png,paper
Data/rock/x6RZUj3vDGq0u806.png,rock
Data/rock/pYbu2Q82tjh9AGkt.png,rock
Data/rock/IumhcLm1sbOr4pXt.png,rock
Data/rock/v7SoU8w2zc8vc7PI.png,rock
Data/paper/W4QtOYoG8ThbcmsY.png,paper
Data/paper/h4yYJuwG5dUXEY1B.png,paper
Data/paper/pMQfFsmXAu2xZuUv.png,paper
Data/scissors/4X8TOCQTfCWnMfm2.png,scissors
Data/rock/DVPUHpNyCvJxx69v.png,rock
Data/rock/YipqelrMu7Sd6whV.png,rock
Data/paper/ngFDxBhhLQzs7JAH.png,paper
Data/rock/IoVOalbQe90ghv9U.png,rock
Data/scissors/IH5gpU7fLJSn90Rx.png,scissors
Data/paper/4hcthlc3eCByBJFh.png,paper
Data/rock/5SeLlZliRJtZAnIZ.png,rock
Data/scissors/PcrxANaDvhRnDlxq.png,scissors
Data/rock/ADOiIs56eyYsunID.png,rock
Data/scissors/R9xpzPuawT5aH69c.png,scissors
Data/scissors/Dcb4pD70p3oKdeIW.png,scissors
Data/paper/C9tAvywdtjDTnllg.png,paper
Data/paper/bTurr7qf07hoPQu1.png,paper
Data/paper/lhr6oNI2jMsi0Z6A.png,paper
Data/scissors/tpIDNu7Hg6k1SZef.png,scissors
Data/scissors/fFnXXczN4qqWFcsE.png,scissors
Data/rock/fjPydEfNWCvgobYu.png,rock
Data/paper/dyHfn1GBYIj195b5.png,paper
Data/rock/2Pt5UNQkMzXLtbEp.png,rock
Data/scissors/LZ7UTYEoDao1EcYX.png,scissors
Data/rock/srlcv9vYJ9c9OUsC.png,rock
Data/rock/glL1mPYeHM552bV4.png,rock
Data/paper/0eqArS2GgsBeqgSn.png,paper
Data/scissors/hmu0D0hhHVAD8wXd.png,scissors
Data/paper/ZGQV7rFVePreAdOe.png,paper
Data/rock/ikusbrqDgla4SEas.png,rock
Data/paper/bQO2dBIReHsgMCBi.png,paper
Data/scissors/256MrhkDete6aQhP.png,scissors
Data/scissors/8ei3rSl89D6W8Tav.png,scissors
Data/scissors/mViP022ujNQr6UX1.png,scissors
Data/scissors/JtDq2l0qrhsysghx.png,scissors
Data/paper/HIo7Eax3OPP5MuXl.png,paper
Data/rock/Mwr4GgRRk6BgHDVL.png,rock
Data/paper/s4dtRIGK3emNyjrO.png,paper
Data/scissors/pLBH6c1NAfL1xVTn.png,scissors
Data/scissors/kiUc9msxBC2UZJ5g.png,scissors
Data/rock/Gq8pcFEIriCTMoBY.png,rock
Data/paper/cI2tl5vM2koXZPfG.png,paper
Data/rock/FqRqtazi3LD2vwsr.png,rock
Data/paper/xyFhBLzUNatOchjM.png,paper
Data/rock/nrJIuJU8hyHoYzy5.png,rock
Data/scissors/bLJSE1dl7VbQCUF9.png,scissors
Data/scissors/2l1K148aIJHRR1q7.png,scissors
Data/paper/DE5gewqrqzSaVsdI.png,paper
Data/rock/9Xi2VuW7sti2BV2H.png,rock
Data/scissors/od9zrr7aF0p8VPRM.png,scissors
Data/scissors/W9JxpjHtiPBtRMT0.png,scissors
Data/paper/3K6a8bG8j1YTH1l0.png,paper
Data/paper/yfoLtt4c7Rzc5VOW.png,paper
Data/rock/EvmNpXcSU8y41PXX.png,rock
Data/paper/0RA9rcrv8iVvuDDU.png,paper
Data/paper/B9WSmSgclFPB3TOL.png,paper
Data/rock/WoSeauZwsvZTvL5B.png,rock
Data/rock/7YpH9C6XA1GIbSum.png,rock
Data/rock/Jg78GVOKbbyQchWq.png,rock
Data/paper/90GH8JQWUw9PUnlA.png,paper
Data/paper/XQihGnpPBb3DucOm.png,paper
Data/scissors/7SOrAw5PvJghnwuq.png,scissors
Data/scissors/oYB271o4Oo5uFHpW.png,scissors
Data/scissors/KngvagTrRurJUlI5.png,scissors
Data/rock/hMqKoUYAvB91YRuO.png,rock
Data/rock/qzCqZEUXcEqAuZAO.png,rock
Data/rock/lJTADoCRRndhoR4k.png,rock
Data/rock/brzyLjsQoGb8cmBe.png,rock
Data/paper/5eRezaxzYX8Canq0.png,paper
Data/scissors/q936z2wWrJh1ITTp.png,scissors
Data/scissors/7A1YTmfZsbSdxPKy.png,scissors
Data/rock/9Ylbn7DgtTyKKNuM.png,rock
Data/paper/9szmJOWlXxEbjDGV.png,paper
Data/rock/QKlibCXvATAv2H4i.png,rock
Data/scissors/a9YV7Tzoj751vTun.png,scissors
Data/paper/IxQ1CVKgnpiD0HfY.png,paper
Data/scissors/Me6SACZZ4EYJLHbB.png,scissors
Data/paper/XOWPFbuwpaJaEv9o.png,paper
Data/scissors/o3cajP31029qBUIX.png,scissors
Data/rock/hyWWmz1OwgoE5JlU.png,rock
Data/paper/8q4xxTvBVnXTRSQy.png,paper
Data/paper/dIg7Ds4xEzk0pyWZ.png,paper
Data/scissors/R9GlL5dx9nmjXWlS.png,scissors
Data/rock/NuJjhPSItSWUuMOk.png,rock
Data/paper/jqQlxUsZOssnmdWL.png,paper
Data/rock/hOgtdOKps4GHrC05.png,rock
Data/paper/D9nbrQLDSgDMNh3G.png,paper
Data/scissors/PWtGlvRP69nLSr9F.png,scissors
Data/rock/SDUe3SDAEKYJId8m.png,rock
Data/paper/VrhvQlf5Yz5mAt7Y.png,paper
Data/rock/aZ8XOOHozlep9lS2.png,rock
Data/rock/2affjOmZChc9AXpR.png,rock
Data/paper/XJlnAmd0Rb4GNRxm.png,paper
Data/scissors/ReZf7r7O8OZ1R3Cm.png,scissors
Data/rock/3ONDEuB8iwAYO1Uz.png,rock
Data/scissors/Ty7ti2YUZ4XJcaOk.png,scissors
Data/scissors/4Zh2kADxqxEsPTrX.png,scissors
Data/paper/wBuXrsjeqMn4ZXdn.png,paper
Data/scissors/AORIZvib6x3RaA82.png,scissors
Data/scissors/NCHfmPjxa7aay5AX.png,scissors
Data/rock/p0v91qRDrCRa1qWZ.png,rock
Data/rock/xqCLaIfsVBFNf63M.png,rock
Data/paper/dftjUImANb0Q9pMA.png,paper
Data/scissors/RhZBWRRTO5Uen1Yp.png,scissors
Data/scissors/dowAehk6HVomDGpw.png,scissors
Data/paper/a21pgCIQ9pl0Guv5.png,paper
Data/paper/pt2EHjG6vxV6Hjmf.png,paper
Data/paper/Gv71lr2m5b9rBwPy.png,paper
Data/scissors/JraYBjsfVGokNFhR.png,scissors
Data/scissors/GktptVfvaYXOIJCz.png,scissors
Data/scissors/6CyIuv1pvHDwTWmR.png,scissors
Data/paper/52nvTykEONIdmqQI.png,paper
Data/scissors/syu2UUmhELg3nol9.png,scissors
Data/paper/QVIiXr87PkeldzZM.png,paper
Data/scissors/ErsQcWAahNPYPZs5.png,scissors
Data/scissors/b4Qm4ZK5AAUQo1Ax.png,scissors
Data/scissors/6drquJLYR4bjZX2E.png,scissors
Data/scissors/JULz0bpEBDkoMfh4.png,scissors
Data/rock/9a9TiJDB5oAWqO9U.png,rock
Data/paper/PwkqvoT0noMITNaF.png,paper
Data/rock/Shr7grl23ISlh4Yu.png,rock
Data/rock/fLFzQoErbCBRR6NM.png,rock
Data/scissors/EkArrGlCdj8NNPbu.png,scissors
Data/paper/1yKjzquSvl9ShK7K.png,paper
Data/paper/HbBcQItQ6d5yMDqL.png,paper
Data/rock/yeinQlqGeaqSgvoN.png,rock
Data/paper/CIN4oPYURMvc4xTb.png,paper
Data/paper/lb8kepfzcnutbQI1.png,paper
Data/rock/iupz1I8ISgp6PDj7.png,rock
Data/rock/nsnqe5yD6JgUs9Bx.png,rock
Data/paper/mWtDBJ2pprz96x22.png,paper
Data/rock/bsj2s38rcZvedHSI.png,rock
Data/scissors/gzRmdTIFRzV34Vjl.png,scissors
Data/scissors/aRca3k5D1oCHVx0h.png,scissors
Data/rock/iDKbsfPFabN9bUKT.png,rock
Data/paper/tUAXecVWvaYBm4s4.png,paper
Data/rock/R5gwWLVoqodxD3Q8.png,rock
Data/paper/8NNPWO3e2oNq8lg9.png,paper
Data/scissors/2gd0aqAxW55bHZP9.png,scissors
Data/scissors/yxCsGCXdJ0UuGEol.png,scissors
Data/paper/ACUZLBMxCu3AWgUu.png,paper
Data/paper/kdPdOkLZZW1UnOPw.png,paper
Data/paper/C5LDaiOquQm9mDVH.png,paper
Data/scissors/oxU5O3n839QvrOGu.png,scissors
Data/rock/KtMqF92CMvQOIRrO.png,rock
Data/scissors/4E0THAnIciVeLK79.png,scissors
Data/rock/u3nAxX6ZNsAKQ7WC.png,rock
Data/paper/2PAcPusQ59xIMfiw.png,paper
Data/scissors/oKkvmTaZN5M8MCyt.png,scissors
Data/paper/LEA78quc0fi2hq9W.png,paper
Data/rock/Jr45GnbiZqBa7TLX.png,rock
Data/rock/koWcxNMbMRN8TxnP.png,rock
Data/scissors/GgA8wrylOr4pvJhZ.png,scissors
Data/rock/2JRYQXb5kmlhgD5i.png,rock
Data/scissors/ik80sIT0Ao6APY3M.png,scissors
Data/rock/p8g7qteM8iFK1Mdp.png,rock
Data/paper/RJrQJX31bej6flMr.png,paper
Data/rock/MReo7XBz7dmQ5HdE.png,rock
Data/rock/8HKeT2oFz3gPSW0p.png,rock
Data/paper/QWT9FOhLABPyKIUA.png,paper
Data/rock/lFRtpAScOeikVDZB.png,rock
Data/paper/MLrUGD1graoSw2c5.png,paper
Data/paper/cUFSYeNYdnhRB6MD.png,paper
Data/scissors/IBauM2TU1KmGhsfT.png,scissors
Data/scissors/PsPaUu1XDiYpp92z.png,scissors
Data/paper/UE6Ao0ZqJbQ1R1R5.png,paper
Data/paper/9Dto1OCNf5wjYimE.png,paper
Data/scissors/BpCDUnGgYRS4T8IG.png,scissors
Data/rock/oGRxysPJ1UwCl0Oh.png,rock
Data/scissors/CO4Xhg1dx5dmvwlo.png,scissors
Data/paper/460WcktBwCAzsU0A.png,paper
Data/scissors/P3sJVlVAylvpky7E.png,scissors
Data/paper/Httje79JB2p6ePf0.png,paper
Data/scissors/YaRYYDirKENPeJcS.png,scissors
Data/rock/ncO6qnqxGiA1sJrP.png,rock
Data/rock/gaackCmGss3Lt4tj.png,rock
Data/scissors/CTbANISUvZMD2T4L.png,scissors
Data/rock/hqD5rX5jXifrtMJO.png,rock
Data/scissors/ePMywMOdTHYyxe1o.png,scissors
Data/paper/c4FpTJmUl8wtm4n3.png,paper
Data/scissors/9r4WuhdqPmffGmPA.png,scissors
Data/paper/xR8mRBEdYAbokAEk.png,paper
Data/paper/8cUuoeM7qSsAGoOv.png,paper
Data/scissors/QUqw1jotp4mOm1ZY.png,scissors
Data/paper/MKnNPdRtHfgr6ZbI.png,paper
Data/scissors/W6jpdF8qZXwnsopw.png,scissors
Data/rock/QPdZme1zmTH0NIlM.png,rock
Data/paper/Z9vSGzBQ8YLOXQIX.png,paper
Data/paper/EuU83pQABhf4v0AF.png,paper
Data/paper/vFCd43peE8nozYko.png,paper
Data/rock/OQpJdqlKKADyIvtb.png,rock
Data/rock/IRSnSZdAUmx8ZVkD.png,rock
Data/rock/MW1oWcAD7q1t0Ie6.png,rock
Data/rock/cy37is7PNfZQJ6SU.png,rock
Data/rock/9STiLxSOXvh5kjda.png,rock
Data/rock/8pAWVg9BVmtha8LM.png,rock
Data/paper/rffdDFsMVDDkn32c.png,paper
Data/scissors/EesxTpYzhZoMVlH8.png,scissors
Data/scissors/jy6fSFQ1ynecl3P7.png,scissors
Data/rock/Bvw2wNs7Vb4H5nx9.png,rock
Data/paper/qGf97ZWPmGYzlTpo.png,paper
Data/paper/Eq9tohFHMpYXWQZH.png,paper
Data/rock/iYSPVRaZyIwKTrot.png,rock
Data/paper/a0CaFEDoDB7qeyhN.png,paper
Data/rock/TLbqMqwDrww8CS0p.png,rock
Data/rock/ZM4bG569OHTj1XMT.png,rock
Data/scissors/NR48QMe5e1gskpA9.png,scissors
Data/paper/EJ42U85HcmJV7JVm.png,paper
